time,open,high,low,close,volume,return,volatility,rsi,vol_change,sentiment,target
2025-10-25 06:00:00,111386.78,111497.1,111261.01,111366.42,334.48878,-0.000182876263872922,0.001455238991758544,78.55484724815113,0.4222038597994153,-0.000182876263872922,1
2025-10-25 07:00:00,111366.43,111820.87,111366.43,111489.6,436.39799,0.0011060784750018815,0.0014056466241849314,80.88419228024148,0.3046715348718123,0.0011060784750018815,1
2025-10-25 08:00:00,111489.59,111805.1,111488.44,111763.8,348.94057,0.0024594222241356434,0.0015055487671763882,79.78977618758964,-0.20040747667055026,0.0024594222241356434,0
2025-10-25 09:00:00,111763.81,111850.13,111491.62,111521.47,474.02907,-0.0021682333635757445,0.0017430635059345614,70.99294985177379,0.35848081522879394,-0.0021682333635757445,1
2025-10-25 10:00:00,111521.47,111718.99,111375.81,111559.94,382.43284,0.00034495599815898004,0.0014874829615731811,67.36211731054871,-0.1932291409891802,0.00034495599815898004,1
2025-10-25 11:00:00,111559.94,111664.0,111480.68,111563.81,172.78406,3.468987165100579e-05,0.0013138018432985253,63.81669420862934,-0.5481976390939648,3.468987165100579e-05,1
2025-10-25 12:00:00,111563.81,111943.19,111530.38,111899.03,363.41104,0.00300473782671995,0.0014987668872318287,71.86420541850273,1.1032671648067534,0.00300473782671995,0
2025-10-25 13:00:00,111899.03,111916.0,111520.0,111680.91,355.08597,-0.0019492572902553018,0.001723661600012526,65.34094003553093,-0.02290813729819552,-0.0019492572902553018,0
2025-10-25 14:00:00,111680.92,111765.97,111520.01,111591.19,216.60101,-0.0008033602161729991,0.001718099629062446,70.06545808444798,-0.3900040319813255,-0.0008033602161729991,0
2025-10-25 15:00:00,111591.2,111591.2,111311.19,111385.18,318.98695,-0.001846113479030076,0.001795321727566042,58.04450576080695,0.4726937330532299,-0.001846113479030076,0
2025-10-25 16:00:00,111385.18,111479.99,111164.39,111372.25,430.41077,-0.00011608366570847739,0.0017946898812516278,58.99742396500226,0.3493052615475336,-0.00011608366570847739,1
2025-10-25 17:00:00,111372.25,111451.16,111300.0,111374.96,134.57742,2.433281180902469e-05,0.001753182219303231,58.96524301776811,-0.6873279448839071,2.433281180902469e-05,1
2025-10-25 18:00:00,111374.97,111731.78,111317.34,111719.98,227.92326,0.003097823783730025,0.0018648626355072732,61.87818092225446,0.6936218572179496,0.003097823783730025,0
2025-10-25 19:00:00,111719.98,111720.0,111579.75,111623.45,170.60799,-0.0008640352423979758,0.0017407804662136319,55.89093334887476,-0.2514674017912871,-0.0008640352423979758,0
2025-10-25 20:00:00,111623.46,111659.39,111370.0,111431.94,154.33849,-0.001715678918721819,0.0018274181487921658,51.502876383957926,-0.09536188779904153,-0.001715678918721819,1
2025-10-25 21:00:00,111431.94,111477.76,111342.25,111477.76,133.46965,0.0004111926975334246,0.0018346699911210836,49.71842508266668,-0.13521474779233622,0.0004111926975334246,1
2025-10-25 22:00:00,111477.76,111683.64,111409.54,111621.69,159.63737,0.001291109545078939,0.0015769075246843903,46.397152403850725,0.19605745575866873,0.001291109545078939,1
2025-10-25 23:00:00,111621.69,111675.49,111535.48,111646.27,118.29276,0.00022020809754819126,0.001461723182155176,53.556690453506754,-0.2589907989589154,0.00022020809754819126,1
2025-10-26 00:00:00,111646.27,111899.56,111544.15,111715.98,370.92714,0.0006243827044110084,0.0014474564013838987,54.369203888288276,2.1356706868619857,0.0006243827044110084,0
2025-10-26 01:00:00,111715.98,111835.85,111520.0,111644.42,270.69687,-0.000640552945066597,0.0013098447356936194,52.174687191046374,-0.2702155199535953,-0.000640552945066597,0
2025-10-26 02:00:00,111644.41,111687.37,111408.54,111448.85,214.46307,-0.0017517221192066001,0.0014526547777122794,36.86541558684259,-0.20773716371378803,-0.0017517221192066001,0
2025-10-26 03:00:00,111448.85,111500.0,111260.45,111260.46,170.69475,-0.0016903718611721574,0.0015561222249462086,37.516256034462565,-0.20408324845858072,-0.0016903718611721574,1
2025-10-26 04:00:00,111260.46,111479.99,111260.46,111430.4,129.38461,0.0015274069512205557,0.001245608337454152,45.443002816764,-0.24201177833530318,0.0015274069512205557,1
2025-10-26 05:00:00,111430.39,111650.9,111367.19,111615.32,209.94274,0.0016595112285338054,0.0013597659765105712,56.60138143054323,0.6226252875052138,0.0016595112285338054,1
2025-10-26 06:00:00,111615.33,111686.65,111548.75,111635.95,156.20448,0.00018483125793111732,0.001219954839091174,57.53075701625222,-0.25596626966000346,0.00018483125793111732,1
2025-10-26 07:00:00,111635.96,111724.96,111620.02,111723.98,169.97811,0.0007885452670040038,0.0012335373463723863,59.50417724093306,0.088176920405868,0.0007885452670040038,1
2025-10-26 08:00:00,111723.98,111850.0,111723.98,111776.94,240.40616,0.0004740253614310408,0.0011807342980350254,51.844464016938595,0.41433599891186,0.0004740253614310408,1
2025-10-26 09:00:00,111776.94,112779.81,111708.63,112528.83,1330.29795,0.006726700516224593,0.0023966831028848345,70.58205725048768,4.53354352484146,0.006726700516224593,0
2025-10-26 10:00:00,112528.82,112571.26,112189.33,112477.1,337.77399,-0.00045970441530407413,0.0024293166445813756,75.37214880074654,-0.7460914752217727,-0.00045970441530407413,1
2025-10-26 11:00:00,112477.11,113466.23,112430.56,113286.09,1079.09408,0.007192486292765254,0.0031201483960250466,82.03044462431409,2.194722246079398,0.007192486292765254,1
2025-10-26 12:00:00,113286.09,113827.02,113279.85,113575.05,1229.55057,0.0025507103299267087,0.0029173206357484666,82.90856037644642,0.13942851952259816,0.0025507103299267087,1
2025-10-26 13:00:00,113575.06,114000.0,113283.8,113711.53,1099.62143,0.0012016723743462077,0.002653799412660812,83.52956074461369,-0.1056720586937715,0.0012016723743462077,0
2025-10-26 14:00:00,113711.53,113885.27,113544.02,113575.36,739.58798,-0.0011975038942840799,0.002860617123622182,79.54942756669507,-0.32741581800565667,-0.0011975038942840799,1
2025-10-26 15:00:00,113575.35,113725.48,113425.87,113694.97,437.55153,0.001053133355685576,0.002872967096069705,82.09731800970225,-0.40838474686946646,0.001053133355685576,0
2025-10-26 16:00:00,113694.97,113761.98,113290.62,113517.53,556.71599,-0.0015606671077885714,0.0030339897913536115,82.56594482574579,0.272343831136872,-0.0015606671077885714,0
2025-10-26 17:00:00,113517.54,113747.85,113442.12,113442.13,319.42533,-0.0006642145931117227,0.003114955937526784,85.61154367197234,-0.4262328804315465,-0.0006642145931117227,1
2025-10-26 18:00:00,113442.14,113793.93,113442.13,113575.15,279.3019,0.0011725802398103724,0.003096379578520843,85.43600453329871,-0.1256112970126696,0.0011725802398103724,1
2025-10-26 19:00:00,113575.15,113720.63,113503.82,113585.99,204.67267,9.544341345812946e-05,0.002536215982290715,84.5470960499332,-0.2671991490211846,9.544341345812946e-05,0
2025-10-26 20:00:00,113585.98,113585.98,113283.11,113320.8,248.1548,-0.0023347069475734283,0.002714129065593239,77.203871204898,0.2124471723557424,-0.0023347069475734283,1
2025-10-26 21:00:00,113320.8,113590.48,112901.0,113497.06,464.11186,0.0015554073038666072,0.0015731753568219522,77.83537523435629,0.8702513914701628,0.0015554073038666072,1
2025-10-26 22:00:00,113497.06,115466.8,113497.06,114681.33,2524.96249,0.01043436719858648,0.0035820106975851043,83.64483058183131,4.440417941485055,0.01043436719858648,0
2025-10-26 23:00:00,114681.34,114966.15,114385.13,114559.4,670.95687,-0.0010632070625620216,0.0036373012282036217,77.5421901149704,-0.7342705594014587,-0.0010632070625620216,1
2025-10-27 00:00:00,114559.41,115176.47,114362.26,114767.29,1142.27258,0.0018146917668913076,0.0035824999123626523,79.80116852499896,0.7024530652767593,0.0018146917668913076,1
2025-10-27 01:00:00,114767.28,115388.96,114710.92,115284.01,725.93495,0.004502328145937762,0.0037451548754781124,78.13829157927367,-0.3644818559857228,0.004502328145937762,0
2025-10-27 02:00:00,115284.01,115445.39,114815.6,114883.39,826.25748,-0.0034750699598321555,0.003956029985658479,67.86451619924676,0.13819768561907653,-0.0034750699598321555,1
2025-10-27 03:00:00,114883.4,115242.65,114829.48,114958.51,587.18766,0.0006538804260562969,0.003908549817774452,67.31685775203789,-0.2893405818244452,0.0006538804260562969,1
2025-10-27 04:00:00,114958.52,115283.27,114938.01,115256.44,400.40691,0.0025916306674469425,0.003927688085980044,72.34147741743939,-0.31809379304735397,0.0025916306674469425,1
2025-10-27 05:00:00,115256.43,115652.89,115256.43,115556.57,828.01463,0.002604019350241904,0.003909680170902926,73.60782801868984,1.0679329185402922,0.002604019350241904,1
2025-10-27 06:00:00,115556.56,116129.5,115361.65,116053.49,1794.85942,0.004300231479698713,0.0037009684060023093,79.74914598870164,1.1676663128524671,0.004300231479698713,0
2025-10-27 07:00:00,116053.5,116400.0,115489.53,115554.6,2455.66454,-0.004298793599399775,0.004267606074492836,72.54152501296153,0.3681653909140139,-0.004298793599399775,0
2025-10-27 08:00:00,115554.59,115607.48,114900.0,115014.88,1249.66033,-0.0046706924691877205,0.003473823021591662,64.13598223227464,-0.49111113930895467,-0.0046706924691877205,1
2025-10-27 09:00:00,115014.88,115356.99,114814.69,115254.01,1148.54888,0.0020791222840035317,0.003479340487022702,65.6747583032146,-0.08091114647129738,0.0020791222840035317,1
2025-10-27 10:00:00,115254.01,115550.02,115120.9,115447.94,557.73562,0.0016826312594242498,0.0034745077860096067,70.26056013361682,-0.514399752842909,0.0016826312594242498,0
2025-10-27 11:00:00,115447.93,115528.74,115128.04,115362.02,745.97843,-0.0007442315557990575,0.0032049227228956307,68.07440028513527,0.337512619330284,-0.0007442315557990575,0
2025-10-27 12:00:00,115362.02,115437.48,115000.0,115065.67,1172.23501,-0.0025688697198610333,0.0031047211402037847,54.49920397060236,0.5714060391799802,-0.0025688697198610333,1
2025-10-27 13:00:00,115065.96,115415.99,114566.83,115264.28,1010.17279,0.0017260578241973246,0.0031418518920850315,58.10601948517132,-0.1382506226289898,0.0017260578241973246,0
2025-10-27 14:00:00,115264.29,115358.0,114503.99,114810.05,987.16577,-0.003940769855153681,0.003281529662035051,50.465367352737566,-0.022775331337126947,-0.003940769855153681,1
2025-10-27 15:00:00,114810.06,115224.44,114778.0,114969.68,1323.86576,0.0013903835073669768,0.0031796388900975077,46.29076757129279,0.3410774565248549,0.0013903835073669768,1
2025-10-27 16:00:00,114969.68,115636.86,114872.12,115497.57,818.25063,0.004591558400441009,0.003229496120048034,57.03624782311471,-0.38192326237065,0.004591558400441009,1
2025-10-27 17:00:00,115497.57,115706.06,115311.19,115706.06,442.08673,0.0018051462035086896,0.0029948672283397425,58.31022929122293,-0.4597172140276874,0.0018051462035086896,0
2025-10-27 18:00:00,115706.06,115790.0,115325.0,115342.19,400.61809,-0.003144779106643125,0.002751815454386102,50.93947687282647,-0.09380204648983692,-0.003144779106643125,0
2025-10-27 19:00:00,115342.18,115342.19,114790.81,114942.64,597.25209,-0.003464040348115538,0.0029048859029633333,43.41718974152377,0.4908265625249224,-0.003464040348115538,0
2025-10-27 20:00:00,114942.64,114942.64,114408.0,114455.17,550.98109,-0.004240984894726685,0.0030628869247194433,32.827353836005045,-0.0774731487335607,-0.004240984894726685,0
2025-10-27 21:00:00,114455.17,114626.99,114135.61,114302.7,494.80813,-0.001332137290084856,0.0030660787179558613,35.467559422812414,-0.10195079471783686,-0.001332137290084856,0
2025-10-27 22:00:00,114302.69,114585.01,114059.4,114112.51,475.05268,-0.001663915200603383,0.0030250140408931464,38.599904490568846,-0.03992547575966465,-0.001663915200603383,0
2025-10-27 23:00:00,114112.5,114226.23,113830.01,114107.65,715.22221,-4.2589546054183636e-05,0.0029085991747766493,34.60625332339157,0.5055639934501579,-4.2589546054183636e-05,0
2025-10-28 00:00:00,114107.65,114374.2,113788.32,113961.67,554.9177,-0.0012793182578030304,0.002726078292653121,29.78144529591343,-0.22413245528267367,-0.0012793182578030304,1
2025-10-28 01:00:00,113961.67,114547.2,113961.67,114424.76,485.50547,0.0040635592651459,0.003067649400080353,38.43654075808141,-0.1250856298150158,0.0040635592651459,0
2025-10-28 02:00:00,114424.76,114474.1,113569.91,113936.94,686.4219,-0.0042632381313274514,0.002699989957329544,36.702519939089356,0.41382938486769283,-0.0042632381313274514,0
2025-10-28 03:00:00,113936.93,114109.86,113717.0,113908.24,457.29772,-0.000251893722966412,0.0025035892195432205,33.35836867723377,-0.3337949736160807,-0.000251893722966412,1
2025-10-28 04:00:00,113908.25,114076.91,113761.71,113964.59,440.12507,0.0004946964328480519,0.002512444155120641,38.501398121908714,-0.03755245051298317,0.0004946964328480519,0
2025-10-28 05:00:00,113964.6,113981.73,113483.3,113605.31,628.71639,-0.003152558176184317,0.002482987196634709,32.39981320985919,0.4284948367063026,-0.003152558176184317,1
2025-10-28 06:00:00,113605.32,114186.01,113605.32,114115.52,542.51916,0.004491075285125268,0.0027972952024299834,32.09004932174027,-0.1371003386757581,0.004491075285125268,1
2025-10-28 07:00:00,114115.52,114364.99,114091.51,114188.37,579.31808,0.0006383881876890207,0.002785390758809484,29.615681133692235,0.06782971499107959,0.0006383881876890207,1
2025-10-28 08:00:00,114188.38,114480.19,114113.3,114427.23,307.52828,0.002091806722523515,0.0028037190104159217,37.284027484233576,-0.46915469995343495,0.002091806722523515,1
2025-10-28 09:00:00,114427.23,114634.46,114205.28,114528.6,373.30544,0.0008858905349715673,0.002807257750955292,43.725716017392955,0.21388979250948892,0.0008858905349715673,1
2025-10-28 10:00:00,114528.61,114608.78,114429.78,114595.71,230.0126,0.0005859671732650895,0.002746671916784586,52.44065936330511,-0.38384878613073514,0.0005859671732650895,0
2025-10-28 11:00:00,114595.7,114673.68,114297.06,114357.73,326.08736,-0.0020766920506885,0.002555707844444094,50.9281028112212,0.41769346548841235,-0.0020766920506885,1
2025-10-28 12:00:00,114357.72,114517.29,114138.06,114449.55,421.93096,0.0008029190505967065,0.002088369642055376,55.87939768592674,0.29392000965630816,0.0008029190505967065,1
2025-10-28 13:00:00,114449.55,115522.91,114449.55,115522.9,1045.59275,0.009378368023290617,0.003483006483374051,67.98389740672224,1.4781133624325649,0.009378368023290617,0
2025-10-28 14:00:00,115522.91,116086.0,114223.63,115068.17,1820.63839,-0.003936275837950753,0.003872967071290224,63.03752545036139,0.741250013449309,-0.003936275837950753,0
2025-10-28 15:00:00,115068.18,115425.84,114516.0,114641.38,720.35046,-0.003709018749494253,0.0039421739686046845,52.574384034888716,-0.6043418264952658,-0.003709018749494253,1
2025-10-28 16:00:00,114641.38,115500.0,114530.0,115341.59,754.64859,0.0061078294765815055,0.004133623770703875,65.89110803873587,0.047613115982462206,0.0061078294765815055,0
2025-10-28 17:00:00,115341.59,115591.41,115229.45,115290.0,436.8649,-0.00044728011812567026,0.004160590420027999,65.55160382646758,-0.4211015487354187,-0.00044728011812567026,0
2025-10-28 18:00:00,115289.99,115366.45,114642.94,115022.8,370.32321,-0.0023176337930436164,0.004260749076663764,61.37041056424753,-0.15231640262241253,-0.0023176337930436164,0
2025-10-28 19:00:00,115022.8,115075.08,113566.44,113689.99,1157.95866,-0.011587354854863507,0.005720009836840649,50.752459622257774,2.1268865378435233,-0.011587354854863507,0
2025-10-28 20:00:00,113689.0,113703.32,112324.82,112808.05,1738.00789,-0.007757411184573071,0.0061039732477169584,39.10189193820774,0.5009239535373395,-0.007757411184573071,1
2025-10-28 21:00:00,112808.05,113225.53,112211.0,112994.4,726.23538,0.0016519211173315895,0.006181898071663033,40.23275104660036,-0.5821449464190868,0.0016519211173315895,1
2025-10-28 22:00:00,112994.41,113289.02,112838.81,113224.08,336.06989,0.002032667105626551,0.006237736730098393,40.142849418138205,-0.5372438478554983,0.002032667105626551,0
2025-10-28 23:00:00,113224.08,113224.08,112779.57,112898.45,383.04632,-0.002875978325458717,0.005050240221111936,37.117899098885886,0.13978172813994139,-0.002875978325458717,0
2025-10-29 00:00:00,112898.44,112898.45,112442.87,112442.88,505.29871,-0.0040352192612032045,0.005053932902883563,33.97154407980226,0.31915824174997964,-0.0040352192612032045,1
2025-10-29 01:00:00,112442.87,112975.75,112100.0,112500.03,916.66416,0.000508258059558786,0.005098473008711523,35.7861425409573,0.8141035032525612,0.000508258059558786,1
2025-10-29 02:00:00,112500.03,112780.0,112414.47,112666.75,352.69724,0.0014819551603675318,0.004464441260653706,36.51380088710082,-0.615238322397158,0.0014819551603675318,0
2025-10-29 03:00:00,112666.75,112666.75,112339.77,112523.49,301.5613,-0.0012715375210521351,0.004433224244963305,23.595022915166865,-0.14498537045540816,-0.0012715375210521351,1
2025-10-29 04:00:00,112523.49,112878.65,112505.58,112810.55,311.50456,0.0025511117723062693,0.004704411785156988,29.52071495431501,0.03297259960081078,0.0025511117723062693,1
2025-10-29 05:00:00,112810.56,113379.0,112807.34,113039.1,640.93765,0.002025962997255215,0.0033836310829907508,34.92317999433743,1.0575546309819668,0.002025962997255215,1
2025-10-29 06:00:00,113039.09,113348.78,112976.93,113284.2,443.58086,0.0021682762867007987,0.0023334452010364435,28.827380670520142,-0.3079188591901256,0.0021682762867007987,1
2025-10-29 07:00:00,113284.21,113577.9,113240.01,113577.9,640.61019,0.0025925945542273343,0.0024062813600418337,33.21707523634589,0.444179061287721,0.0025925945542273343,0
2025-10-29 08:00:00,113577.9,113624.12,112956.0,113070.94,507.26681,-0.004463544404325059,0.002797036550624368,31.72579992801306,-0.20815057593760722,-0.004463544404325059,0
2025-10-29 09:00:00,113070.94,113105.08,112768.63,112974.44,659.57288,-0.0008534465177347794,0.002645582597663888,41.28264667385162,0.3002484432206396,-0.0008534465177347794,0
2025-10-29 10:00:00,112974.44,113186.58,112732.91,112870.01,425.8713,-0.000924368379254692,0.002264641865936955,50.931264391096946,-0.3543226034399717,-0.000924368379254692,1
2025-10-29 11:00:00,112870.0,113240.72,112741.26,113132.36,378.28227,0.0023243552472442808,0.0023472472735512275,52.027237513966114,-0.11174509763865292,0.0023243552472442808,1
2025-10-29 12:00:00,113132.35,113325.13,113050.01,113139.13,343.38468,5.984141053905212e-05,0.0023283986791729433,48.66420316041161,-0.09225277727132175,5.984141053905212e-05,0
2025-10-29 13:00:00,113139.13,113643.73,112705.0,112873.07,1155.92441,-0.0023516178708462565,0.002438097389544297,49.59329269442987,2.3662666895913937,-0.0023516178708462565,0
2025-10-29 14:00:00,112873.08,112916.0,112234.74,112488.44,1185.34226,-0.0034076330164494184,0.0025556294446289784,50.74707140116535,0.025449631260922922,-0.0034076330164494184,0
2025-10-29 15:00:00,112488.45,112564.31,111401.5,111509.74,1921.74476,-0.0087004495750852,0.0035402233602088527,37.53031512607688,0.6212572729837542,-0.0087004495750852,0
2025-10-29 16:00:00,111509.74,111523.32,110960.0,111106.35,1388.36304,-0.00361753152684241,0.0033689714034406053,31.456745875078965,-0.27755076069519247,-0.00361753152684241,1
2025-10-29 17:00:00,111106.35,111922.44,111002.23,111883.49,811.18965,0.006994559716883897,0.004209020607400194,43.390259721356585,-0.41572223789535623,0.006994559716883897,0
2025-10-29 18:00:00,111883.5,112030.23,109200.0,110806.38,4372.18973,-0.009627068301140795,0.004877445470545567,32.20537025486588,4.3898490075656165,-0.009627068301140795,0
2025-10-29 19:00:00,110806.38,111438.65,110157.03,110640.0,1170.09639,-0.001501538088330312,0.004864654250470229,28.461077134607947,-0.732377489940264,-0.001501538088330312,1
2025-10-29 20:00:00,110640.0,111538.16,110403.28,111433.46,728.51015,0.007171547360809827,0.005682393832686171,34.873593806621656,-0.37739304537124496,0.007171547360809827,1
2025-10-29 21:00:00,111433.45,111800.0,111368.02,111617.26,405.07841,0.0016494148166985578,0.0056388576275227835,33.6822200915376,-0.4439632584391583,0.0016494148166985578,0
2025-10-29 22:00:00,111617.26,111618.46,110949.68,111028.2,447.25113,-0.005277499196808755,0.005743985039519143,33.2281297517373,0.1041100166261637,-0.005277499196808755,0
2025-10-29 23:00:00,111028.2,111077.76,109733.22,110021.29,1066.79122,-0.009068957255904397,0.006182989934435383,28.906643962463193,1.385217495146407,-0.009068957255904397,1
2025-10-30 00:00:00,110021.3,110583.86,109703.43,110559.48,649.59178,0.00489168959934938,0.006596539394482891,34.45960761096292,-0.39107880921629634,0.00489168959934938,0
2025-10-30 01:00:00,110559.48,110725.64,110257.77,110460.76,575.63954,-0.0008929130274490937,0.006122021709270498,31.62666842718849,-0.11384417456760298,-0.0008929130274490937,1
2025-10-30 02:00:00,110460.75,111011.99,110331.04,110985.92,488.21463,0.004754267488291886,0.006283624017207925,36.177364415865185,-0.15187440042773992,0.004754267488291886,0
2025-10-30 03:00:00,110985.93,110985.93,110538.68,110751.47,628.73987,-0.002112430117261699,0.005782627761974418,36.32478632472074,0.287834963077612,-0.002112430117261699,0
2025-10-30 04:00:00,110751.48,110761.43,107925.06,108575.27,3536.96505,-0.01964940059034881,0.007917990354431794,29.509345280503666,4.625482363636332,-0.01964940059034881,1
2025-10-30 05:00:00,108575.26,110434.58,108420.0,110248.29,1212.17428,0.015408849547415171,0.009652839197964846,43.84237415045661,-0.6572840661798454,0.015408849547415171,1
2025-10-30 06:00:00,110248.28,110964.09,109978.01,110768.01,1000.82897,0.004714086721889332,0.009470698830914842,48.36697775523126,-0.17435224743425504,0.004714086721889332,1
2025-10-30 07:00:00,110768.01,111592.0,110639.25,111366.72,831.79805,0.0054050804018237475,0.009640911348735067,47.462058817975176,-0.16889091449860816,0.0054050804018237475,0
2025-10-30 08:00:00,111366.72,111467.01,110681.22,110714.31,1187.21618,-0.005858213297473491,0.009676691743317712,49.52814572074819,0.42728896755648793,-0.005858213297473491,0
2025-10-30 09:00:00,110714.31,110814.0,110125.17,110171.69,659.11121,-0.00490108279589152,0.009338034385928368,47.68905385966964,-0.4448262910298274,-0.00490108279589152,0
2025-10-30 10:00:00,110171.68,110231.92,109829.54,110105.75,573.15523,-0.0005985203639882197,0.009190198982493597,42.94139975814744,-0.13041195278714812,-0.0005985203639882197,0
2025-10-30 11:00:00,110105.75,110144.25,109692.3,109717.29,551.05951,-0.0035280627941775,0.009244381962471192,40.11417784556836,-0.03855102220736939,-0.0035280627941775,0
2025-10-30 12:00:00,109717.19,109777.93,108280.65,108387.86,1449.48653,-0.012116868726888885,0.00968045517950089,37.2446603554686,1.6303629711426262,-0.012116868726888885,0
2025-10-30 13:00:00,108387.86,108728.54,107400.0,107627.16,2868.53704,-0.007018313674612586,0.009792226709228701,38.152246744466275,0.9790022056983174,-0.007018313674612586,1
2025-10-30 14:00:00,107627.15,108374.21,107610.44,108285.54,1206.17345,0.006117229145505609,0.00811682859778842,38.87931439207813,-0.5795161668890285,0.006117229145505609,0
2025-10-30 15:00:00,108285.54,108350.44,107328.0,107711.56,1019.91386,-0.0053006153914917364,0.006063382524703392,37.15228643685589,-0.15442189512627724,-0.0053006153914917364,1
2025-10-30 16:00:00,107711.56,108214.85,107559.98,108144.57,667.54851,0.004020088465899185,0.005977435107159405,36.60628847089975,-0.3454854020711122,0.004020088465899185,0
2025-10-30 17:00:00,108144.58,108150.56,106801.0,107486.69,1492.47982,-0.006083338257297677,0.0053905683624456075,35.201070490215926,1.235762341825915,-0.006083338257297677,0
2025-10-30 18:00:00,107486.69,107556.65,106791.78,106837.09,766.54153,-0.006043538972127727,0.005399785069452743,40.85539980591335,-0.4863973906193251,-0.006043538972127727,0
2025-10-30 19:00:00,106837.09,107158.62,106304.34,106536.39,1440.69222,-0.002814565615742559,0.005381858304353848,27.175910098163442,0.8794705356668673,-0.002814565615742559,1
2025-10-30 20:00:00,106536.39,107652.0,106316.17,107510.91,1205.05225,0.009147296994013177,0.006662774567007677,31.033245829953884,-0.16356024328360708,0.009147296994013177,1
2025-10-30 21:00:00,107510.91,107950.0,107400.0,107907.68,846.16919,0.003690509177161516,0.006908902997142638,29.372167358378448,-0.29781535198992415,0.003690509177161516,1
2025-10-30 22:00:00,107907.67,107939.0,107472.0,107912.81,333.78851,4.754063844214507e-05,0.005848906310300977,31.895718303393693,-0.6055298231787427,4.754063844214507e-05,1
2025-10-30 23:00:00,107912.81,108334.53,107600.01,108322.88,797.95117,0.0038000122506309797,0.005482660283803785,37.844085858828365,1.3905890888814598,0.0038000122506309797,1
2025-10-31 00:00:00,108322.87,109586.94,108275.28,109317.21,1084.42941,0.009179316502663237,0.005891686322693627,45.379446288200704,0.35901725665744677,0.009179316502663237,1
2025-10-31 01:00:00,109317.21,110042.16,109180.0,109619.77,1402.71517,0.002767725228260076,0.005476226903978342,49.422757740481146,0.29350528219259564,0.002767725228260076,0
2025-10-31 02:00:00,109619.77,109685.32,108565.26,108857.99,866.79172,-0.006949293909301213,0.006044797925130713,52.983281743082095,-0.3820614915000883,-0.006949293909301213,1
2025-10-31 03:00:00,108858.0,109324.4,108613.11,109227.86,820.345,0.0033977294638638522,0.005593856745350255,60.687606996139486,-0.053584637379784916,0.0033977294638638522,1
2025-10-31 04:00:00,109227.87,110215.0,109114.88,110084.02,1133.07928,0.007838293270599594,0.0051878576490150706,61.69916579488036,0.38122287574130387,0.007838293270599594,0
2025-10-31 05:00:00,110084.02,110084.03,109691.92,109899.15,939.00824,-0.001679353642790371,0.005057001406291215,64.98913974429951,-0.17127754732219613,-0.001679353642790371,0
2025-10-31 06:00:00,109899.15,109968.71,109517.49,109650.0,532.21593,-0.002267078498787267,0.004829466056265615,60.581663594875494,-0.43321484591019144,-0.002267078498787267,0
2025-10-31 07:00:00,109650.0,109807.9,109266.58,109449.31,994.16577,-0.0018302781577748117,0.004927092858683116,64.74279618988209,0.8679744704372152,-0.0018302781577748117,1
2025-10-31 08:00:00,109449.32,110100.0,109214.13,110062.44,719.63357,0.005601954000441056,0.005065020864220228,74.36164314843037,-0.27614328342847694,0.005601954000441056,0
2025-10-31 09:00:00,110062.45,110450.0,109807.89,109848.39,632.93862,-0.001944805148786477,0.00516127788509911,75.34792165394342,-0.12047096413248193,-0.001944805148786477,0
2025-10-31 10:00:00,109848.39,110117.32,109710.08,109819.2,375.06762,-0.0002657298846164835,0.004388125990852307,70.654914768737,-0.4074186530125149,-0.0002657298846164835,1
2025-10-31 11:00:00,109819.21,110550.0,109461.53,110415.61,712.18313,0.005430835409472978,0.004618061199370572,71.66719367434999,0.8988126194417958,0.005430835409472978,0
2025-10-31 12:00:00,110415.62,110681.0,109619.94,109653.19,904.10139,-0.006905001928622201,0.004609888171826505,63.29614282120956,0.2694788066659204,-0.006905001928622201,1
2025-10-31 13:00:00,109653.2,110240.0,109366.91,110157.54,1164.32028,0.004599501391614691,0.004701690628037876,63.81737501040915,0.28782047332102856,0.004599501391614691,1
2025-10-31 14:00:00,110157.54,111054.61,109590.46,110790.14,2487.24179,0.005742684522548336,0.004392529604225528,61.73232460800946,1.136217871254463,0.005742684522548336,0
2025-10-31 15:00:00,110790.14,111190.0,110132.02,110202.9,1557.65344,-0.005300471684574148,0.004741159181509526,54.44329471133209,-0.3737426549109244,-0.005300471684574148,0
2025-10-31 16:00:00,110202.9,110300.0,108671.25,108845.4,1222.91214,-0.01231818763390069,0.0061874012365981295,49.91205189417457,-0.21490101161398267,-0.01231818763390069,1
2025-10-31 17:00:00,108845.4,109417.91,108635.0,109299.98,1008.03929,0.004176382281658286,0.006356769238902201,50.497905373027606,-0.1757058769569496,0.004176382281658286,1
2025-10-31 18:00:00,109299.98,109817.51,108974.76,109452.35,808.98594,0.0013940533200464955,0.0060687911673805005,45.16964770466967,-0.19746586464898608,0.0013940533200464955,1
2025-10-31 19:00:00,109452.2,110237.66,109114.52,109828.78,824.47324,0.003439213502496763,0.006168233684786648,49.47720022396478,0.019144090439940253,0.003439213502496763,0
2025-10-31 20:00:00,109828.78,109828.79,109438.12,109493.85,531.7637,-0.003049564968307883,0.00624388126792957,48.85451496419636,-0.35502612552955637,-0.003049564968307883,1
2025-10-31 21:00:00,109493.84,109750.0,109329.15,109558.48,331.78769,0.000590261462173336,0.005931874549118074,50.81716151448293,-0.3760617921080359,0.000590261462173336,1
2025-10-31 22:00:00,109558.48,109801.89,109483.66,109580.09,286.93529,0.0001972462560635435,0.005526094843589845,46.038720104487965,-0.13518403892561537,0.0001972462560635435,1
2025-10-31 23:00:00,109580.08,109683.31,109518.22,109608.01,177.41674,0.0002547908109948871,0.0052852184316547314,47.963633775880815,-0.38168379358286675,0.0002547908109948871,1
2025-11-01 00:00:00,109608.01,109751.99,109394.81,109730.78,314.60723,0.0011200823735419974,0.004865243893355368,49.2626456027777,0.7732668856388636,0.0011200823735419974,1
2025-11-01 01:00:00,109730.78,110048.0,109699.84,109734.11,205.95055,3.0347000176345063e-05,0.004621496142221667,43.69294498274713,-0.34537248238064977,3.0347000176345063e-05,1
2025-11-01 02:00:00,109734.1,109872.29,109478.09,109790.27,322.30901,0.0005117825259621789,0.0019713427344654403,51.45940950751417,0.5649825164341635,0.0005117825259621789,1
2025-11-01 03:00:00,109790.27,110315.54,109789.17,110226.37,486.66403,0.003972118840767758,0.0019339392251113135,50.74359844156323,0.5099299582099801,0.003972118840767758,1
2025-11-01 04:00:00,110226.38,110564.49,110109.58,110291.67,486.28878,0.000592417222847974,0.0019252942391580034,43.86252207024255,-0.0007710658213224697,0.000592417222847974,0
2025-11-01 05:00:00,110291.66,110382.87,110050.0,110140.79,231.47577,-0.0013680090255230315,0.0017781560909584783,49.14319452817401,-0.5239952482555735,-0.0013680090255230315,0
2025-11-01 06:00:00,110140.78,110175.38,109933.86,110004.82,272.1363,-0.0012345108474343114,0.0014650053000580413,74.12462858574077,0.175657823710879,-0.0012345108474343114,1
2025-11-01 07:00:00,110004.82,110251.67,109992.78,110071.4,284.01087,0.0006052462064842778,0.0014651534369258573,69.14212547967352,0.04363464190554511,0.0006052462064842778,1
2025-11-01 08:00:00,110071.4,110270.9,110071.4,110248.88,310.52873,0.0016124079461150576,0.0015039110964838239,69.52193285542661,0.09336917280666057,0.0016124079461150576,0
2025-11-01 09:00:00,110248.88,110254.55,109970.18,109991.29,350.98951,-0.002336440968833564,0.0017713116828013472,54.22927781352796,0.13029641411923465,-0.002336440968833564,1
2025-11-01 10:00:00,109991.29,110169.23,109854.72,110147.83,273.03449,0.0014232036009398374,0.0017884545372005797,68.76169055405317,-0.22210071178480517,0.0014232036009398374,0
2025-11-01 11:00:00,110147.83,110238.78,110000.01,110137.59,193.43473,-9.296597127705919e-05,0.0017915622245220089,67.1489573395202,-0.29153738049724054,-9.296597127705919e-05,0
2025-11-01 12:00:00,110137.59,110200.0,110000.01,110017.27,289.94506,-0.0010924517233398268,0.0018482373044774489,62.231000794060506,0.49892969065069126,-0.0010924517233398268,0
2025-11-01 13:00:00,110017.26,110054.96,109702.66,109946.27,273.80468,-0.0006453532249982574,0.001298387207287715,59.2407636069034,-0.05566702878124563,-0.0006453532249982574,0
2025-11-01 14:00:00,109946.26,109993.98,109728.94,109933.85,343.69011,-0.00011296426881968191,0.001266074272946208,55.90350657837775,0.255238259623612,-0.00011296426881968191,1
2025-11-01 15:00:00,109933.86,110348.0,109910.22,110310.65,619.56524,0.0034275157287768643,0.001670411437434033,63.770552885337125,0.802685681004903,0.0034275157287768643,1
2025-11-01 16:00:00,110310.65,110529.99,110208.49,110464.33,670.42039,0.0013931565084603914,0.001633753671640831,65.38317586338246,0.08208199349595535,0.0013931565084603914,0
2025-11-01 17:00:00,110464.33,110495.04,110192.0,110208.97,297.51556,-0.0023116964544119822,0.0018435616341453205,49.567198630609674,-0.556225370770719,-0.0023116964544119822,1
2025-11-01 18:00:00,110208.96,110361.03,110193.43,110341.27,169.41416,0.0012004467512944927,0.0018109817771004928,51.193937876371386,-0.4305704212579671,0.0012004467512944927,0
2025-11-01 19:00:00,110341.28,110341.28,110220.77,110299.99,109.98551,-0.00037411206160664623,0.0016151459337580137,54.045619955296885,-0.35078915481444994,-0.00037411206160664623,1
2025-11-01 20:00:00,110300.0,110516.17,110298.17,110406.2,211.21273,0.0009629193982700901,0.0015852762205890469,60.35658994692666,0.920368692203182,0.0009629193982700901,0
2025-11-01 21:00:00,110406.21,110426.0,109858.44,109862.85,273.04557,-0.00492137216931654,0.0022796566096031884,45.681425678013504,0.2927514833031135,-0.00492137216931654,1
2025-11-01 22:00:00,109862.85,110098.59,109862.84,110092.78,259.45939,0.002092882170815713,0.0023692386252677734,46.836263994351064,-0.0497579213608923,0.002092882170815713,1
2025-11-01 23:00:00,110092.79,110144.49,109974.0,110098.1,129.01591,4.832287821243675e-05,0.0023560480397957144,52.41133310724321,-0.5027510470906449,4.832287821243675e-05,0
2025-11-02 00:00:00,110098.1,110127.26,109895.27,109974.09,318.19118,-0.0011263591288134256,0.002389715749136871,46.01919146527638,1.4662941182990532,-0.0011263591288134256,1
2025-11-02 01:00:00,109974.09,110091.36,109921.05,109978.01,159.66153,3.5644759597497355e-05,0.002075393443137247,46.3330116270744,-0.4982213837605429,3.5644759597497355e-05,1
2025-11-02 02:00:00,109978.01,110263.91,109879.39,110015.77,233.11834,0.00034334136433278317,0.002005608367741762,49.964172088289764,0.460078329451058,0.00034334136433278317,1
2025-11-02 03:00:00,110015.76,110086.82,109962.06,110053.23,145.30218,0.0003404966397089204,0.0018979238974727627,52.59636857911606,-0.3767020647109961,0.0003404966397089204,1
2025-11-02 04:00:00,110053.22,110784.13,110030.06,110670.27,1380.24287,0.005606741392324421,0.002618391869980929,63.81951794353235,8.499120178375852,0.005606741392324421,0
2025-11-02 05:00:00,110670.27,110714.04,110274.65,110497.98,1261.57372,-0.0015567866600488811,0.0026782903617976997,53.80765962951762,-0.08597700635106342,-0.0015567866600488811,1
2025-11-02 06:00:00,110497.98,110725.9,110274.9,110663.89,867.8504,0.001501475411586739,0.002701043035782276,54.03617918048465,-0.3120890311507123,0.001501475411586739,1
2025-11-02 07:00:00,110663.9,111045.09,110429.7,110895.53,919.53603,0.0020931850488898895,0.0020435479646191954,64.02047034377412,0.05955592115876196,0.0020931850488898895,0
2025-11-02 08:00:00,110895.53,111013.43,110716.52,110850.17,518.6449,-0.0004090336192992261,0.002039582053262272,60.775022443191865,-0.43597109511848053,-0.0004090336192992261,0
2025-11-02 09:00:00,110850.17,111037.94,110525.89,110714.0,566.42995,-0.001228414895529717,0.002122334903785563,58.427272763949105,0.0921344256928005,-0.001228414895529717,0
2025-11-02 10:00:00,110714.0,110876.53,110346.15,110492.0,715.95933,-0.0020051664649457512,0.0022160485771946753,51.66785891984821,0.2639856525948179,-0.0020051664649457512,1
2025-11-02 11:00:00,110491.99,111229.78,110482.6,111196.99,627.26421,0.006380461933895631,0.0028846298791317653,74.40083400356923,-0.12388290267828472,0.006380461933895631,0
2025-11-02 12:00:00,111196.99,111250.01,110678.25,110736.24,460.53292,-0.00414354741077072,0.0033309715333994733,60.85231834068041,-0.26580711499544996,-0.00414354741077072,0
2025-11-02 13:00:00,110736.24,110766.79,110173.84,110568.65,420.28873,-0.0015134160235168448,0.0034014484480453973,57.524249333744955,-0.08738613083294888,-0.0015134160235168448,0
2025-11-02 14:00:00,110568.65,110667.62,110202.16,110422.24,420.72705,-0.0013241547219757788,0.002909623049813165,57.11509578324024,0.0010429021020859075,-0.0013241547219757788,0
2025-11-02 15:00:00,110422.24,110566.86,110096.32,110117.48,387.83077,-0.0027599512561963246,0.0029946517352761495,52.021228185393504,-0.07818912522976607,-0.0027599512561963246,0
2025-11-02 16:00:00,110117.49,110143.53,109735.59,110115.34,614.25585,-1.9433790166667464e-05,0.0029285806433127647,51.45804229575522,0.5838244345594343,-1.9433790166667464e-05,1
2025-11-02 17:00:00,110115.34,110263.91,110027.93,110190.4,215.89779,0.0006816488965115663,0.0028221665049641682,51.98675592587492,-0.6485213938133434,0.0006816488965115663,1
2025-11-02 18:00:00,110190.41,110331.0,110174.33,110331.0,137.67403,0.001275973224527771,0.002886663136146201,44.29926705561428,-0.36231848413084733,0.001275973224527771,0
2025-11-02 19:00:00,110331.0,110331.0,109960.95,110180.84,217.64836,-0.0013609955497548842,0.0028908573392581716,44.63118833649631,0.5808962663474007,-0.0013609955497548842,0
2025-11-02 20:00:00,110180.85,110213.2,109890.34,110086.7,208.23814,-0.0008544135259814789,0.0028459036225831564,39.98549502543238,-0.04323588746545115,-0.0008544135259814789,0
2025-11-02 21:00:00,110086.7,110126.94,109972.0,109990.9,196.61258,-0.000870223196807629,0.0015778645166337306,33.52780296640145,-0.05582819746661194,-0.000870223196807629,0
2025-11-02 22:00:00,109990.91,110012.0,109471.34,109899.99,458.99057,-0.0008265229214415859,0.0011568295194364826,32.980712740029944,1.3344923809046194,-0.0008265229214415859,1
2025-11-02 23:00:00,109900.0,110742.26,109900.0,110540.68,654.52944,0.0058297548525707565,0.0023444363422740113,47.370752426983145,0.42601936244572536,0.0058297548525707565,0
2025-11-03 00:00:00,110540.69,110750.0,109757.1,109757.11,449.08984,-0.007088521619371235,0.0032382295331333834,40.474702986448285,-0.31387373499960525,-0.007088521619371235,0
2025-11-03 01:00:00,109757.1,109910.33,109366.75,109665.5,905.23675,-0.0008346611896030698,0.003151566807880434,26.396419445109544,1.0157141608903912,-0.0008346611896030698,0
2025-11-03 02:00:00,109665.5,109754.14,108666.66,109033.83,1088.01796,-0.005759970090867261,0.003568427239184402,25.075327002541187,0.20191536633924767,-0.005759970090867261,0
2025-11-03 03:00:00,109033.84,109155.74,107907.44,107937.45,1524.18495,-0.010055411242547385,0.004505053845927203,19.71385160793838,0.4008821600702255,-0.010055411242547385,0
2025-11-03 04:00:00,107937.45,107999.53,107480.13,107900.37,1058.5459,-0.00034353229578798494,0.004399907486350497,20.22283254255241,-0.3055003593887998,-0.00034353229578798494,0
2025-11-03 05:00:00,107900.37,108075.0,107400.0,107606.75,815.12463,-0.0027212140236404503,0.004391540337784905,20.276173631317604,-0.2299581624188427,-0.0027212140236404503,0
2025-11-03 06:00:00,107606.75,107714.05,107006.05,107494.23,1115.28935,-0.0010456593104057887,0.004384702723309477,19.75974950441362,0.368243957982229,-0.0010456593104057887,0
2025-11-03 07:00:00,107494.24,107832.45,107272.93,107468.23,874.56308,-0.00024187344753290319,0.004413019593483089,18.23420269554684,-0.21584198755237827,-0.00024187344753290319,1
2025-11-03 08:00:00,107468.23,107705.15,106888.0,107586.97,1033.44721,0.00110488467149783,0.004525920304325648,17.814909603520192,0.18167257872353826,0.00110488467149783,0
2025-11-03 09:00:00,107586.98,107912.86,107083.33,107197.94,675.70561,-0.003615958326552038,0.003567686275263244,16.869624324656016,-0.3461634000637537,-0.003615958326552038,0
2025-11-03 10:00:00,107197.95,107621.06,106726.63,106974.99,987.3979,-0.002079797428943153,0.0032792354679567377,16.400356759485348,0.4612841530204257,-0.002079797428943153,1
2025-11-03 11:00:00,106974.99,107920.92,106963.0,107787.42,774.01269,0.007594578882409664,0.004592293794299886,29.395945541514806,-0.21610863259887425,0.007594578882409664,0
2025-11-03 12:00:00,107787.42,108265.44,107713.1,107768.9,742.62608,-0.0001718196798847771,0.0043807018014697195,29.799367180918736,-0.040550510870823064,-0.0001718196798847771,1
2025-11-03 13:00:00,107768.91,108068.59,107574.77,107908.68,647.66063,0.0012970346732683602,0.0031034187063990063,22.4334401641605,-0.12787788169249326,0.0012970346732683602,1
2025-11-03 14:00:00,107908.68,108333.0,107369.01,108059.99,919.91286,0.0014022041600361135,0.0031323093315736676,29.511497860651176,0.4203624821227747,0.0014022041600361135,0
2025-11-03 15:00:00,108060.0,108148.81,105511.0,105745.71,3853.95819,-0.021416622377995798,0.0075300098752647685,19.204909880211957,3.1894818059180077,-0.021416622377995798,1
2025-11-03 16:00:00,105745.71,106798.01,105306.56,106678.44,3622.24107,0.008820499668497073,0.008240614226337145,32.33113840635217,-0.06012445090900165,0.008820499668497073,1
2025-11-03 17:00:00,106678.43,107783.2,106536.11,107481.19,1563.75664,0.007524950683568399,0.008647759911458828,46.41965930803052,-0.5682902905189576,0.007524950683568399,0
2025-11-03 18:00:00,107481.2,107599.85,106813.0,106961.62,1651.54985,-0.004834055149556926,0.00877002667380342,43.15203895979504,0.05614250181537206,-0.004834055149556926,1
2025-11-03 19:00:00,106961.61,107395.25,106455.23,107090.0,950.86728,0.001200243601396478,0.00871488981404376,46.13730921998002,-0.42425759658420237,0.001200243601396478,0
2025-11-03 20:00:00,107090.0,107169.68,106310.43,106657.55,850.2085,-0.0040381921748061655,0.008786871834980448,44.031320089169796,-0.10585996817557974,-0.0040381921748061655,1
2025-11-03 21:00:00,106657.55,107094.27,106088.73,106888.71,790.25915,0.002167310237296771,0.008407080107763665,45.98341021992505,-0.07051135103918627,0.002167310237296771,0
2025-11-03 22:00:00,106888.71,106888.71,105755.59,106489.95,1150.56648,-0.0037306091541380315,0.008452506811688866,42.68077554334776,0.455935663636416,-0.0037306091541380315,1
2025-11-03 23:00:00,106489.94,106750.0,106030.14,106583.04,636.96519,0.0008741669988576728,0.008439893133482765,45.72876957435781,-0.4463899295936381,0.0008741669988576728,0
2025-11-04 00:00:00,106583.05,106808.51,105852.37,106471.45,1195.65517,-0.0010469770800307643,0.008391288603211589,46.447338714137466,0.8771122641725524,-0.0010469770800307643,1
2025-11-04 01:00:00,106471.45,107298.74,106277.46,107040.01,1133.99025,0.005340023076608746,0.004824235831968905,44.538815974937116,-0.051574167491786116,0.005340023076608746,0
2025-11-04 02:00:00,107040.0,107243.23,106477.1,106482.6,701.66328,-0.0052074920396587565,0.004391189523832287,41.28737899317818,-0.3812439921771814,-0.0052074920396587565,1
2025-11-04 03:00:00,106482.61,107233.83,106223.14,107158.79,1057.66983,0.0063502393818331004,0.004172586121284877,45.264787711315066,0.5073752042432662,0.0063502393818331004,0
2025-11-04 04:00:00,107158.79,107299.0,106703.82,106750.14,745.43101,-0.0038134995738566824,0.004060130071505078,41.98924356337376,-0.295213885414506,-0.0038134995738566824,0
2025-11-04 05:00:00,106750.14,106750.15,104200.0,104215.76,3268.3578,-0.02374123350095847,0.008425214288819184,40.88845797886611,3.3845208425123072,-0.02374123350095847,1
2025-11-04 06:00:00,104215.76,105201.0,104200.0,104766.14,2382.47316,0.005281159010882774,0.008767330065184521,38.06799179359701,-0.27104885517736155,0.005281159010882774,0
2025-11-04 07:00:00,104766.14,104997.64,104317.56,104490.72,1633.60477,-0.0026289028115381585,0.00865958465252905,30.0262223165646,-0.31432395653934675,-0.0026289028115381585,0
2025-11-04 08:00:00,104490.73,104631.39,103759.99,104051.9,1804.04853,-0.004199607390972249,0.008669864906762258,30.35364147543831,0.10433598329906935,-0.004199607390972249,0
2025-11-04 09:00:00,104051.9,104138.65,103636.0,103857.96,1455.72161,-0.0018638775457247014,0.008602183380254662,28.368849386893316,-0.1930806817042776,-0.0018638775457247014,0
2025-11-04 10:00:00,103857.96,104106.55,103605.0,103816.39,1073.24239,-0.00040025819879385693,0.008617181929499318,29.935084012189463,-0.26274200875536924,-0.00040025819879385693,1
2025-11-04 11:00:00,103816.39,104699.07,103774.33,104584.76,988.08793,0.007401239823499939,0.008846833076036313,34.876521734499846,-0.07934317614867958,0.007401239823499939,0
2025-11-04 12:00:00,104584.75,104638.29,103844.39,103952.54,1216.95881,-0.00604504901096492,0.008881501432547083,33.83936748696921,0.23163007365144117,-0.00604504901096492,0
2025-11-04 13:00:00,103952.54,104243.67,103576.0,103924.25,1018.30395,-0.00027214342237324995,0.00839282563102907,32.925367881684295,-0.16323877058747793,-0.00027214342237324995,1
2025-11-04 14:00:00,103924.26,104694.28,102915.05,104500.01,2915.82303,0.005540189128139028,0.008806610327734872,38.05182085724861,1.8634112928659463,0.005540189128139028,0
2025-11-04 15:00:00,104500.01,104842.63,103185.89,103197.01,2271.81312,-0.012468898328335087,0.006002876621620209,28.612929077022244,-0.22086728288170498,-0.012468898328335087,0
2025-11-04 16:00:00,103197.02,103500.05,102164.0,102257.7,3313.32683,-0.009102104799354138,0.006062665403423553,27.446270138647563,0.45845043363425964,-0.009102104799354138,0
2025-11-04 17:00:00,102257.7,102257.7,100800.0,101114.83,4223.40802,-0.011176371070344748,0.006670017507336246,19.26689569181775,0.27467293046970553,-0.011176371070344748,1
2025-11-04 18:00:00,101114.82,101492.74,100010.73,101363.98,4101.41064,0.002464030251546623,0.006894651479735881,22.16017400146474,-0.02888600377284878,0.002464030251546623,0
2025-11-04 19:00:00,101363.97,101711.84,100414.0,100542.64,1814.79036,-0.008102878359748655,0.007100618355573573,26.92891347709707,-0.5575204437466423,-0.008102878359748655,1
2025-11-04 20:00:00,100542.64,101119.4,99600.0,100755.43,4335.57159,0.002116415483022882,0.007254447272845743,23.692844539728185,1.3890206194394814,0.002116415483022882,0
2025-11-04 21:00:00,100755.42,100831.49,98944.36,100311.46,4105.7665,-0.004406412637016022,0.006274553411461181,23.180301357865645,-0.05300456588700908,-0.004406412637016022,1
2025-11-04 22:00:00,100311.46,101893.09,100082.0,101295.71,2258.84809,0.009811939732509156,0.007603960784736493,33.46979607351129,-0.4498352280871306,0.009811939732509156,1
2025-11-04 23:00:00,101295.7,101740.0,100907.36,101497.22,1518.90709,0.0019893241283366336,0.007712406397569573,35.85434542920966,-0.3275744850996155,0.0019893241283366336,0
2025-11-05 00:00:00,101497.23,101752.96,100350.0,100564.3,1452.38181,-0.009191581798989157,0.0074436206694800024,32.394012397428,-0.04379812329403232,-0.009191581798989157,1
2025-11-05 01:00:00,100564.3,101015.01,98966.8,100761.62,3025.00486,0.0019621277133137216,0.006960893181208646,27.938416794535016,1.0827890016055761,0.0019621277133137216,1
2025-11-05 02:00:00,100761.62,101922.98,100754.54,101677.93,3700.99085,0.009093839499603185,0.0073699145232468104,37.29096335923371,0.22346608395201062,0.009093839499603185,1
2025-11-05 03:00:00,101677.94,102272.23,101461.98,102130.0,2834.46709,0.004446097594630549,0.006466039614804608,40.42818565232733,-0.2341329106501303,0.004446097594630549,0
2025-11-05 04:00:00,102130.0,102236.92,101517.47,101998.3,2059.55564,-0.0012895329482032203,0.0064817176575041905,35.99032761339751,-0.2733887624710436,-0.0012895329482032203,0
2025-11-05 05:00:00,101998.3,102370.0,101595.0,101824.89,1088.37371,-0.0017001263746553308,0.005802443459945985,41.20314094764698,-0.4715492561298319,-0.0017001263746553308,1
2025-11-05 06:00:00,101824.89,102139.36,101500.0,102119.99,869.66608,0.002898112632383043,0.005820153935981216,49.03762696172366,-0.2009490196156981,0.002898112632383043,0
2025-11-05 07:00:00,102120.0,102152.58,101601.71,101993.02,644.24535,-0.0012433412890071605,0.005551620118711635,57.15277065085907,-0.2592037739358536,-0.0012433412890071605,0
2025-11-05 08:00:00,101993.03,102000.02,101176.47,101699.74,1179.77273,-0.0028754908914354615,0.0048973078443577,52.71521315090597,0.8312475674058026,-0.0028754908914354615,1
2025-11-05 09:00:00,101699.74,102203.48,101608.0,101995.29,785.11664,0.0029061037914157595,0.0049385870272548454,62.839062071735846,-0.33451874243609614,0.0029061037914157595,0
2025-11-05 10:00:00,101995.28,101995.29,101285.09,101401.97,724.99165,-0.005817131359693084,0.004273214845400175,55.354208901304084,-0.07658096509074108,-0.005817131359693084,1
2025-11-05 11:00:00,101401.97,102110.48,101381.68,102070.61,887.62047,0.006593954732832197,0.0046435695771628455,64.04544619816897,0.22431819731992753,0.006593954732832197,1
2025-11-05 12:00:00,102070.62,102800.71,101916.77,102673.35,1241.26951,0.005905127832585677,0.00413009400244525,61.71295257125448,0.39842370917831604,0.005905127832585677,1
2025-11-05 13:00:00,102673.34,103253.39,102291.82,102985.91,1451.5824,0.0030442174137690348,0.004021834683526913,62.42254113462136,0.16943370340257524,0.0030442174137690348,1
2025-11-05 14:00:00,102985.9,103470.0,102169.06,103202.3,1801.60223,0.002101161217102465,0.003964670050453902,75.00303296816716,0.24112983871945537,0.002101161217102465,1
2025-11-05 15:00:00,103202.3,103798.37,102829.51,103728.3,1851.46451,0.005096785633653456,0.003998286389286411,76.46911870702742,0.027676630928681778,0.005096785633653456,1
2025-11-05 16:00:00,103728.3,104039.66,103057.56,103919.2,1677.80348,0.0018403849287031981,0.003981756789866389,72.97028059085827,-0.09379657512311701,0.0018403849287031981,0
2025-11-05 17:00:00,103919.2,104000.0,103388.46,103904.05,1795.89346,-0.00014578634169615245,0.0039042935165781614,69.9703492571602,0.07038367806937673,-0.00014578634169615245,1
2025-11-05 18:00:00,103904.05,104429.75,103759.53,104347.4,1222.46217,0.004266917410822746,0.003580628218042906,74.70988942536529,-0.3193013966429835,0.004266917410822746,0
2025-11-05 19:00:00,104347.41,104529.41,103986.96,104008.09,796.61274,-0.003251734111247573,0.00402062446274904,72.19032943958847,-0.3483538717603015,-0.003251734111247573,0
2025-11-05 20:00:00,104008.09,104534.74,103620.0,103831.22,881.47869,-0.001700540794470795,0.0032775674628218393,67.82148830543676,0.1065335083644281,-0.001700540794470795,0
2025-11-05 21:00:00,103831.22,103831.22,103500.8,103672.37,586.96502,-0.001529886675703196,0.003118612761571098,67.37410793891404,-0.33411320471059835,-0.001529886675703196,1
2025-11-05 22:00:00,103672.38,103798.95,103305.05,103706.55,686.44411,0.0003296924725459949,0.0027302095153149616,71.93805601872256,0.16948044024838138,0.0003296924725459949,1
2025-11-05 23:00:00,103706.55,104100.0,103667.26,103885.16,533.01051,0.0017222634443050389,0.00265137321136837,71.20176267178627,-0.2235194355444321,0.0017222634443050389,0
2025-11-06 00:00:00,103885.16,103897.86,103324.21,103677.72,1223.43533,-0.001996820335069982,0.0027551074559525493,77.95081785976113,1.2953305930121344,-0.001996820335069982,0
2025-11-06 01:00:00,103677.71,103677.72,102716.26,103365.65,1156.07343,-0.0030100006057233175,0.002411440042223465,67.4326005134195,-0.05505963278009973,-0.0030100006057233175,0
2025-11-06 02:00:00,103365.64,103567.93,102855.66,103321.81,711.05988,-0.00042412542271053066,0.002286224124352254,60.27501014069182,-0.38493536695156116,-0.00042412542271053066,1
2025-11-06 03:00:00,103321.8,103933.33,103315.48,103636.03,691.22573,0.0030411778500589737,0.002558468942213973,60.295896971080424,-0.027893783010229822,0.0030411778500589737,1
2025-11-06 04:00:00,103636.92,104200.0,103580.0,104030.79,671.34024,0.003809099981927133,0.002471162613903293,62.41909130402057,-0.028768445873680104,0.003809099981927133,0
2025-11-06 05:00:00,104030.8,104030.8,103088.0,103143.57,755.30818,-0.008528436629194003,0.0035143895020721305,42.09133919594964,0.125075088601869,-0.008528436629194003,1
2025-11-06 06:00:00,103143.57,103591.47,103006.17,103318.75,555.63033,0.0016984093143177503,0.003584374780849731,41.84403906478155,-0.2643660631346533,0.0016984093143177503,0
2025-11-06 07:00:00,103318.76,103561.94,102910.66,103185.48,988.58677,-0.0012898917185893977,0.00357742675862702,40.543065985315714,0.7792167141055819,-0.0012898917185893977,1
2025-11-06 08:00:00,103184.75,103440.0,102971.99,103200.26,647.13062,0.00014323720740549994,0.0035733089359445257,32.98314840074114,-0.34539825978047434,0.00014323720740549994,0
2025-11-06 09:00:00,103200.26,103261.93,102810.0,102810.01,536.64925,-0.003781482721070706,0.003619375491965281,32.49209420306204,-0.17072499211982883,-0.003781482721070706,1
2025-11-06 10:00:00,102810.01,103288.59,102651.63,103122.54,932.94397,0.0030398790934851316,0.003815616578068488,40.03879455735946,0.7384613320525464,0.0030398790934851316,1
2025-11-06 11:00:00,103122.54,103300.01,102743.82,103227.58,540.52931,0.0010185939950664302,0.003736559184763222,43.65200562865944,-0.42061975061589174,0.0010185939950664302,0
2025-11-06 12:00:00,103227.59,103333.18,102383.64,102552.38,1051.14565,-0.006540887619374547,0.004255202492461281,36.07558132508485,0.9446598557254924,-0.006540887619374547,1
2025-11-06 13:00:00,102552.39,103626.46,102552.38,103319.71,941.18298,0.007482322692072163,0.004879538085155689,44.02668001922274,-0.10461221049623326,0.007482322692072163,0
2025-11-06 14:00:00,103319.71,103579.68,102044.63,102125.0,1661.00797,-0.011563234159290725,0.005781101583228357,36.42822180258196,0.7648087622663977,-0.011563234159290725,0
2025-11-06 15:00:00,102124.99,102932.94,101630.0,102014.48,3027.20967,-0.0010822031823746192,0.005280653704423439,37.75859101071263,0.8225136330923206,-0.0010822031823746192,0
2025-11-06 16:00:00,102014.49,102393.51,100300.95,100867.2,3035.72721,-0.011246246611265387,0.006052084091043399,31.46706048807276,0.002813660409587637,-0.011246246611265387,1
2025-11-06 17:00:00,100867.19,101946.31,100770.57,101804.01,1310.77048,0.009287558294470255,0.007098098008311711,37.35645034831173,-0.5682186213299449,0.009287558294470255,0
2025-11-06 18:00:00,101804.02,102338.0,100916.74,101722.13,956.16247,-0.0008042905186150806,0.0070826393645092005,33.34780727056166,-0.2705340220966831,-0.0008042905186150806,0
2025-11-06 19:00:00,101722.12,101999.44,101202.73,101388.81,756.60374,-0.003276769764848697,0.007065711670920398,36.24386572795852,-0.20870797198304591,-0.003276769764848697,0
2025-11-06 20:00:00,101388.82,101643.28,100638.55,100914.11,812.36283,-0.004681976245701991,0.006951424453255047,31.99478257216677,0.07369655613914894,-0.004681976245701991,1
2025-11-06 21:00:00,100914.11,101220.9,100541.17,101117.17,938.29195,0.002012206221706725,0.007008467171381972,34.67330427519815,0.15501585664622297,0.002012206221706725,1
2025-11-06 22:00:00,101117.17,101480.0,101009.7,101415.05,639.89634,0.002945889407308444,0.006973715514982433,37.30383713265159,-0.3180200043280772,0.002945889407308444,0
2025-11-06 23:00:00,101415.05,101538.0,101132.6,101346.04,1274.34706,-0.0006804709951827581,0.006304060326601433,39.08994570190988,0.9914898403700825,-0.0006804709951827581,1
2025-11-07 00:00:00,101346.04,101640.0,100749.94,101479.78,823.54705,0.0013196371560251219,0.00535715950062292,37.422364052791934,-0.35374979403177653,0.0013196371560251219,1
2025-11-07 01:00:00,101479.79,101894.83,100905.1,101538.96,1095.04627,0.000583170361622809,0.005367093997734459,36.97980760622563,0.3296705634486823,0.000583170361622809,1
2025-11-07 02:00:00,101538.96,101928.99,101242.79,101905.11,779.48744,0.003606005025066139,0.003904516440791496,44.75943111313988,-0.288169403106592,0.003606005025066139,1
2025-11-07 03:00:00,101905.12,102500.0,101876.03,101916.29,1267.53296,0.0001097099056170947,0.0026132935455183185,37.05193544687085,0.626110819694542,0.0001097099056170947,1
2025-11-07 04:00:00,101916.3,102100.25,101582.92,102027.19,798.08441,0.0010881479300317576,0.002607977299473543,48.87201570236159,-0.3703639785430116,0.0010881479300317576,1
2025-11-07 05:00:00,102027.2,102527.0,102024.75,102447.47,701.21696,0.004119294082293168,0.00252761783404517,54.66044685336906,-0.12137494328450804,0.004119294082293168,0
2025-11-07 06:00:00,102447.48,102496.0,101819.1,101819.1,469.88373,-0.006133582410575822,0.0029062097940427793,61.53409944580558,-0.32990250264340437,-0.006133582410575822,1
2025-11-07 07:00:00,101819.11,102010.0,101638.43,102010.0,1093.42589,0.001874893806761202,0.002900674335332449,53.046693585143714,1.327013727417206,0.001874893806761202,0
2025-11-07 08:00:00,102009.99,102050.0,101438.39,101496.18,817.45963,-0.005036957161062672,0.0033357874654633113,47.0367135387479,-0.2523867987065863,-0.005036957161062672,0
2025-11-07 09:00:00,101496.18,101512.51,100775.65,101013.66,1382.92001,-0.004754070547285494,0.003671487961112909,45.26527820181958,0.6917288135684452,-0.004754070547285494,0
2025-11-07 10:00:00,101013.67,101250.03,100564.43,100770.85,1279.53134,-0.002403734306825389,0.0036752613874864778,48.07952168999066,-0.07476113531685757,-0.002403734306825389,0
2025-11-07 11:00:00,100770.85,100796.86,99803.58,100411.89,3120.50016,-0.003562141234295546,0.0037481657723056603,40.92467251703097,1.438783687783685,-0.003562141234295546,0
2025-11-07 12:00:00,100411.89,100625.0,99260.86,99638.28,1799.68202,-0.007704366484885372,0.0038716684355919228,29.630877945899655,-0.4232712937915697,-0.007704366484885372,1
2025-11-07 13:00:00,99638.29,100579.72,99455.1,100347.35,1635.46609,0.007116441592528666,0.004853689487661752,40.016075209475666,-0.09124719154553762,0.007116441592528666,1
2025-11-07 14:00:00,100347.35,100922.78,99519.32,100806.08,2597.13075,0.0045714211685710104,0.005177418577508377,43.67593607774527,0.5880064807702616,0.0045714211685710104,0
2025-11-07 15:00:00,100806.7,101253.99,100353.45,100797.95,2600.73788,-8.064989730782735e-05,0.004859335986683182,42.976781039535695,0.001388890413006827,-8.064989730782735e-05,1
2025-11-07 16:00:00,100797.95,101628.43,100517.06,101169.2,1975.20246,0.003683110618817098,0.004835755895865634,43.031854756889445,-0.24052228592909952,0.003683110618817098,1
2025-11-07 17:00:00,101169.19,102736.84,100942.73,102397.12,2091.96075,0.01213729079601289,0.006295062046950029,53.70024641106931,0.059112061859218246,0.01213729079601289,1
2025-11-07 18:00:00,102397.13,102859.99,102282.2,102609.46,1585.11088,0.0020736911350631715,0.006008167819464016,54.41199870872313,-0.24228459831285087,0.0020736911350631715,1
2025-11-07 19:00:00,102609.46,103395.25,102481.75,103395.25,1184.29403,0.00765806583525519,0.005944405103994527,56.80463856673176,-0.2528636040905857,0.00765806583525519,1
2025-11-07 20:00:00,103395.92,103900.0,102958.0,103783.09,970.62813,0.00375104272198179,0.0057117204318727745,64.60500112276071,-0.18041626030995017,0.00375104272198179,1
2025-11-07 21:00:00,103783.08,103879.23,103311.33,103879.23,743.31566,0.0009263551509210988,0.005303636730568178,64.09903257374906,-0.2341911005608297,0.0009263551509210988,0
2025-11-07 22:00:00,103879.22,104096.36,103595.38,103633.03,736.65333,-0.002370059924394874,0.004218437858968784,66.79567573331047,-0.008962988886847878,-0.002370059924394874,0
2025-11-07 23:00:00,103633.04,103759.36,103329.79,103339.08,510.69159,-0.002836450888292985,0.0045486780766014045,68.83620563947876,-0.30674094692546894,-0.002836450888292985,0
2025-11-08 00:00:00,103339.09,103406.22,102539.49,102713.15,877.26495,-0.006057050246625062,0.005306653343717637,64.81346459489554,0.7177979179175438,-0.006057050246625062,1
2025-11-08 01:00:00,102713.15,103240.32,102662.25,102996.84,498.24095,0.002761963779710719,0.005265424679364157,69.94378598229798,-0.4320519131648882,0.002761963779710719,0
2025-11-08 02:00:00,102996.85,103333.33,102766.31,102846.65,494.72835,-0.0014582000768179615,0.005351864131426458,77.38839746821691,-0.007050002614197082,-0.0014582000768179615,0
2025-11-08 03:00:00,102846.66,103293.21,102592.75,102592.76,531.57226,-0.002468626834223553,0.003995576699369258,70.78317434852866,0.0744730113000398,-0.002468626834223553,0
2025-11-08 04:00:00,102592.76,102836.0,102409.52,102565.03,602.92361,-0.0002702919777184398,0.003941709942416189,67.69214985325902,0.13422700048343383,-0.0002702919777184398,0
2025-11-08 05:00:00,102565.03,102733.83,102272.66,102304.0,396.06427,-0.002545019486661304,0.002915729241812879,64.4150240527841,-0.34309377932637275,-0.002545019486661304,0
2025-11-08 06:00:00,102304.01,102519.03,102092.26,102215.62,590.77493,-0.0008638958398499152,0.002387628341948558,60.58910913114127,0.4916137979323407,-0.0008638958398499152,1
2025-11-08 07:00:00,102215.63,102399.88,101902.64,102352.96,452.1997,0.001343630259250217,0.002438206813669405,49.426559042423364,-0.2345651837324919,0.001343630259250217,1
2025-11-08 08:00:00,102352.96,102687.72,102156.36,102431.74,470.18368,0.0007696895136202198,0.002511399794742594,47.60928520676842,0.03976999542458781,0.0007696895136202198,0
2025-11-08 09:00:00,102431.74,102615.53,102225.52,102399.46,359.62626,-0.000315136694934548,0.0024504873333647034,33.19835187625431,-0.2351366597836828,-0.000315136694934548,1
2025-11-08 10:00:00,102399.45,102575.35,102310.0,102480.04,301.03917,0.000786918212263954,0.0016915288700592957,25.47070716184318,-0.1629110454837196,0.000786918212263954,0
2025-11-08 11:00:00,102480.04,102630.14,101715.76,101857.1,707.36146,-0.006078647119965863,0.0021924912921449393,18.234571508382217,1.3497322956344848,-0.006078647119965863,1
2025-11-08 12:00:00,101857.1,102108.0,101731.19,102065.14,439.24627,0.002042469302581784,0.002400329129522875,25.071309324953873,-0.37903562062880836,0.002042469302581784,0
2025-11-08 13:00:00,102065.14,102186.99,101720.67,101804.63,952.83284,-0.002552389581790604,0.002407091161869375,25.340772857621047,1.169245148057831,-0.002552389581790604,1
2025-11-08 14:00:00,101804.62,102083.67,101454.0,101827.19,1159.38189,0.00022160092325851366,0.0024233689729110082,32.33689801173362,0.2167736473062789,0.00022160092325851366,0
2025-11-08 15:00:00,101827.19,101954.0,101500.0,101711.45,511.67056,-0.0011366315814077543,0.002345122308716586,22.534284334413357,-0.5586695251898406,-0.0011366315814077543,1
2025-11-08 16:00:00,101711.46,101963.66,101525.98,101850.22,502.57143,0.001364349834753087,0.0024196402997018933,28.604250677282366,-0.01778318064654727,0.001364349834753087,1
2025-11-08 17:00:00,101850.23,102003.57,101549.85,101994.52,479.97599,0.0014167863358567345,0.002425451622900302,36.519932581406295,-0.04495965876930175,0.0014167863358567345,1
2025-11-08 18:00:00,101994.53,102219.39,101824.86,102139.53,766.44634,0.0014217430505090167,0.0024672457119436727,40.8935649283159,0.5968430837550851,0.0014217430505090167,0
2025-11-08 19:00:00,102139.52,102186.87,101522.08,101989.65,371.41335,-0.001467404441747533,0.0024956621598510647,42.936304272327426,-0.5154085411902417,-0.001467404441747533,1
2025-11-08 20:00:00,101989.65,102172.35,101957.94,102068.06,206.6246,0.0007688035011395034,0.002494712822603695,46.66928501103619,-0.4436802015867227,0.0007688035011395034,1
2025-11-08 21:00:00,102068.06,102367.72,102028.62,102272.81,234.4224,0.002006014418222568,0.0015991986110901603,48.24428818616201,0.1345328678192239,0.002006014418222568,1
2025-11-08 22:00:00,102272.82,102426.12,102171.73,102377.46,249.46029,0.0010232436167540992,0.001513684517934226,48.82430406915401,0.06414869056881933,0.0010232436167540992,0
2025-11-08 23:00:00,102377.46,102482.2,102276.82,102312.94,234.7543,-0.000630216846559839,0.0011997894411501266,48.15180333723209,-0.058951226265310575,-0.000630216846559839,0
2025-11-09 00:00:00,102312.95,102337.89,101620.23,101797.74,616.42627,-0.005035531185009434,0.002127700755066232,37.70754662573602,1.6258359058811704,-0.005035531185009434,1
2025-11-09 01:00:00,101797.74,102100.0,101686.72,102045.07,373.40232,0.0024296217185175717,0.0022179836005472185,53.916580196129125,-0.39424658199592966,0.0024296217185175717,0
2025-11-09 02:00:00,102045.07,102045.07,101568.41,101633.25,398.65792,-0.004035667769153428,0.0025678659653040215,41.70542933392858,0.06763643032533917,-0.004035667769153428,1
2025-11-09 03:00:00,101633.25,101817.2,101400.0,101662.05,767.84962,0.00028337182959314866,0.0025124876689280404,46.99418991935966,0.9260864552747377,0.00028337182959314866,1
2025-11-09 04:00:00,101662.05,102130.61,101635.96,101724.91,378.19223,0.0006183231599206085,0.002462830204582972,47.87980298806397,-0.5074657587249962,0.0006183231599206085,1
2025-11-09 05:00:00,101724.9,102028.07,101680.02,101928.54,291.74297,0.0020017712475732807,0.0025395273987467654,54.34192157349963,-0.22858550002468314,0.0020017712475732807,0
2025-11-09 06:00:00,101928.54,101980.0,101712.17,101752.83,213.04181,-0.001723854771195521,0.002571592260684274,48.080508658041964,-0.2697619757555769,-0.001723854771195521,1
2025-11-09 07:00:00,101752.83,101972.9,101681.75,101944.59,218.68631,0.0018845667486593332,0.002559718014348073,49.03398559754874,0.02649479930723464,0.0018845667486593332,1
2025-11-09 08:00:00,101944.6,102048.15,101813.73,101972.94,216.7581,0.00027809224599373294,0.0025269573642968707,46.624548663049545,-0.008817241463354386,0.00027809224599373294,0
2025-11-09 09:00:00,101972.94,102127.26,101631.62,101657.46,411.11856,-0.0030937619333128996,0.002668765718733099,43.692443235744506,0.8966698822327746,-0.0030937619333128996,1
2025-11-09 10:00:00,101657.46,101918.0,101500.0,101876.36,695.1249,0.0021533097521815314,0.002295037403085257,46.54440182256162,0.6908137156347309,0.0021533097521815314,1
2025-11-09 11:00:00,101876.36,102307.68,101876.35,102239.41,502.56822,0.0035636334081823318,0.0024470415301766917,49.430434574772775,-0.2770101891041452,0.0035636334081823318,0
2025-11-09 12:00:00,102239.41,102425.19,102050.64,102086.9,522.32408,-0.0014916948366584526,0.002060248257896017,45.12470133405179,0.03930980753219937,-0.0014916948366584526,1
2025-11-09 13:00:00,102086.91,102997.38,102067.09,102911.39,788.58745,0.008076354556755039,0.0031675958169936963,58.000903769679816,0.5097665993112934,0.008076354556755039,1
2025-11-09 14:00:00,102911.4,104041.25,102769.99,103037.9,2232.81061,0.0012293099918287975,0.003160442217704316,68.50322272590131,1.8314052043308577,0.0012293099918287975,1
2025-11-09 15:00:00,103037.9,104168.0,102972.55,103762.17,1143.9267,0.00702916111450258,0.0036487720584250758,72.42734069260413,-0.48767410237270414,0.00702916111450258,1
2025-11-09 16:00:00,103762.18,103900.53,103316.23,103845.04,741.52049,0.0007986533049568756,0.0034611903035485676,81.60431414094623,-0.35177621957770544,0.0007986533049568756,0
2025-11-09 17:00:00,103845.04,103964.81,103329.49,103637.57,460.77714,-0.001997880688379361,0.0036910247903078714,76.8569222316578,-0.37860497961425177,-0.001997880688379361,1
2025-11-09 18:00:00,103637.58,104591.32,103520.0,104512.65,773.02957,0.00844365609884501,0.004218256433196608,81.04332216772669,0.6776647600182597,0.00844365609884501,1
2025-11-09 19:00:00,104512.66,104805.57,104153.84,104805.57,849.18697,0.0028027229239715457,0.003738819240169289,81.41294544857949,0.09851809420433932,0.0028027229239715457,0
2025-11-09 20:00:00,104805.57,105061.08,104414.4,104633.12,700.89351,-0.001645427814571443,0.004023408400984518,81.47094366150706,-0.1746299286716564,-0.001645427814571443,0
2025-11-09 21:00:00,104633.13,104845.16,104314.89,104528.82,475.91997,-0.0009968163044358214,0.004168086135573399,78.78627204145961,-0.32098105745051053,-0.0009968163044358214,1
2025-11-09 22:00:00,104528.82,104819.99,104058.59,104732.48,1344.74595,0.001948362183749719,0.003964244872523576,79.58365852170391,1.825571597678492,0.001948362183749719,0
2025-11-09 23:00:00,104732.47,105495.62,104533.24,104722.96,1221.67929,-9.089825811425811e-05,0.003519907325737001,85.17094997678032,-0.0915166615671904,-9.089825811425811e-05,1
2025-11-10 00:00:00,104722.95,106525.0,104265.02,106314.96,2711.00239,0.015202014916308793,0.0055036495144639855,88.7238052029731,1.219078617596931,0.015202014916308793,0
2025-11-10 01:00:00,106314.96,106670.11,105698.94,105699.99,2166.65056,-0.005784416417031091,0.005971711225681251,78.92001029561926,-0.20079356329892428,-0.005784416417031091,1
2025-11-10 02:00:00,105700.0,106054.26,105556.68,106006.69,775.83999,0.0029016085999629126,0.005966895988084067,81.93462501671843,-0.6419173426839998,0.0029016085999629126,1
2025-11-10 03:00:00,106006.7,106291.43,105843.22,106027.97,847.84998,0.00020074204750653024,0.005839151794704198,79.21428571407806,0.0928155172821139,0.00020074204750653024,1
2025-11-10 04:00:00,106027.97,106300.01,105846.26,106153.14,677.49361,0.0011805375506104276,0.005426968010646744,79.20906264395114,-0.20092749191313297,0.0011805375506104276,0
2025-11-10 05:00:00,106153.14,106473.73,106000.0,106100.0,619.39822,-0.0005005975329603896,0.005444228212730556,75.07577984029925,-0.08575046191210567,-0.0005005975329603896,1
2025-11-10 06:00:00,106100.0,106311.9,105963.3,106221.88,531.36548,0.0011487276154571457,0.005350493753397358,75.28262710219411,-0.14212623988489992,0.0011487276154571457,1
2025-11-10 07:00:00,106221.89,106539.4,106156.7,106461.45,855.88178,0.0022553733750523275,0.00527881258373429,79.83408837327215,0.6107214567269217,0.0022553733750523275,0
2025-11-10 08:00:00,106461.46,106554.0,105900.0,105965.46,758.17354,-0.004658869478106786,0.005664038410340592,66.68534873817171,-0.11416090666166545,-0.004658869478106786,1
2025-11-10 09:00:00,105965.46,106599.47,105836.0,106440.0,736.84126,0.0044782516869175115,0.005733507736085871,68.01950092257803,-0.028136407925815954,0.0044782516869175115,0
2025-11-10 10:00:00,106440.0,106454.73,105962.15,105995.26,470.32569,-0.004178316422397632,0.003469124522757329,64.16694054638049,-0.36170011706456284,-0.004178316422397632,1
2025-11-10 11:00:00,105995.26,106321.16,105955.29,106176.5,391.10179,0.0017098877817744995,0.002917252855383278,66.86675947896651,-0.16844476430789912,0.0017098877817744995,0
2025-11-10 12:00:00,106176.5,106216.0,105868.0,105944.17,656.39469,-0.002188148978352067,0.0028865622712325764,62.33129183975147,0.6783218762563066,-0.002188148978352067,1
2025-11-10 13:00:00,105944.17,106589.89,105923.57,106548.02,785.48627,0.005699700134514263,0.003415977888908968,66.56916149164181,0.19666761777125297,0.005699700134514263,0
2025-11-10 14:00:00,106548.02,106548.02,104681.9,104898.15,1937.55608,-0.015484755136698114,0.006074702055995569,37.27096798528691,1.4666963052072193,-0.015484755136698114,1
2025-11-10 15:00:00,104898.15,105628.0,104667.0,105079.99,2341.3437,0.0017334910100894607,0.00614283202254113,43.959634772119365,0.20840048149728907,0.0017334910100894607,1
2025-11-10 16:00:00,105079.99,105352.86,104784.36,105242.05,1018.54158,0.0015422536678961762,0.006158999236143474,42.33443609010676,-0.5649756248943716,0.0015422536678961762,1
2025-11-10 17:00:00,105242.04,105981.79,105189.01,105953.1,695.86986,0.006756329813035755,0.00656690883696889,49.34061617631528,-0.3167977884614195,0.006756329813035755,0
2025-11-10 18:00:00,105953.1,106094.31,105478.0,105478.0,580.04807,-0.004484059456495437,0.0065547080225584415,44.399223519939376,-0.16644173955170294,-0.004484059456495437,1
2025-11-10 19:00:00,105478.0,106042.46,105408.0,105817.99,461.94988,0.0032233261912437694,0.006461399866082349,47.76680577431785,-0.20360069468035646,0.0032233261912437694,1
2025-11-10 20:00:00,105818.0,106299.22,105802.35,106010.73,635.97915,0.0018214294185703306,0.006366673974633922,48.346491962975634,0.3767276008384286,0.0018214294185703306,0
2025-11-10 21:00:00,106010.74,106021.35,105280.0,105631.27,1140.24521,-0.0035794489859657386,0.0064312638041627,43.63827243737579,0.7928971570844736,-0.0035794489859657386,1
2025-11-10 22:00:00,105631.26,106144.94,105364.68,106062.8,418.65674,0.004085248620034676,0.00655268527171633,50.75336592180741,-0.6328362212545493,0.004085248620034676,0
2025-11-10 23:00:00,106062.81,106275.16,105893.36,106011.13,468.26121,-0.00048716420837469077,0.006253776502594118,46.4482639250133,0.1184848236290188,-0.00048716420837469077,1
2025-11-11 00:00:00,106011.13,106139.84,105500.0,106139.83,562.07527,0.001214023470931691,0.0033677320257239278,51.26340792411734,0.20034557207931036,0.001214023470931691,0
2025-11-11 01:00:00,106139.82,107500.0,106026.79,106110.36,1869.1591,-0.0002776526022323367,0.0033911441598041066,49.40624741892833,2.325460485034326,-0.0002776526022323367,1
2025-11-11 02:00:00,106110.36,107130.0,105610.0,106655.02,1751.73895,0.005132957799785176,0.0036382242736443817,56.04259782815265,-0.06281977280585704,0.005132957799785176,0
2025-11-11 03:00:00,106655.02,107100.0,106363.04,106456.0,752.0543,-0.0018660162456488605,0.0032084283858124546,49.159966113699724,-0.5706812935797312,-0.0018660162456488605,0
2025-11-11 04:00:00,106456.0,106546.0,105714.24,105755.32,640.19881,-0.006581874201547988,0.003612123578368146,59.465279142566786,-0.14873326301039702,-0.006581874201547988,0
2025-11-11 05:00:00,105755.33,105758.88,105166.66,105249.35,774.38555,-0.00478434560076979,0.003768504379862975,51.7452237174163,0.20960167045608835,-0.00478434560076979,1
2025-11-11 06:00:00,105249.35,105345.68,104888.0,105261.27,1146.86686,0.00011325485620572451,0.0036878116667967715,50.2043828529586,0.4810024024854287,0.00011325485620572451,0
2025-11-11 07:00:00,105261.28,105327.75,104741.2,104783.98,754.78302,-0.004534336323322008,0.003781730909340912,36.917326887669,-0.3418738945861598,-0.004534336323322008,1
2025-11-11 08:00:00,104783.99,105284.69,104762.23,105157.8,509.99239,0.0035675300747308736,0.0037103117444342503,46.333800481655594,-0.32431920633296707,0.0035675300747308736,0
2025-11-11 09:00:00,105157.8,105485.71,104909.74,104971.63,505.2007,-0.0017703869803286088,0.0037185359374573854,39.95561463042428,-0.009395610785486452,-0.0017703869803286088,1
2025-11-11 10:00:00,104971.62,105237.16,104920.25,105176.38,417.15368,0.0019505270138227004,0.003773675689332215,40.126292569764736,-0.17428127079000477,0.0019505270138227004,1
2025-11-11 11:00:00,105176.39,105497.99,105145.47,105311.9,372.28222,0.0012885022283519731,0.0038346137606142137,45.988993185258515,-0.1075657776769463,0.0012885022283519731,0
2025-11-11 12:00:00,105311.9,105500.0,104349.26,104530.83,2106.11964,-0.007416730682857198,0.0037485506881492253,32.31271546687435,4.6573199762266375,-0.007416730682857198,0
2025-11-11 13:00:00,104530.83,104706.09,104022.92,104390.92,3314.65247,-0.0013384567978652617,0.0037544066038830387,31.667477568100182,0.5738196477765147,-0.0013384567978652617,1
2025-11-11 14:00:00,104390.93,104665.67,103840.91,104560.16,1215.16933,0.001621213799054555,0.003518849677093706,32.28866978052382,-0.6333946496659422,0.001621213799054555,0
2025-11-11 15:00:00,104560.15,104560.15,103170.33,103455.99,2215.12756,-0.010560140688384512,0.00451755008412165,26.018441723113227,0.8228962049264361,-0.010560140688384512,0
2025-11-11 16:00:00,103455.99,103730.0,103206.1,103399.43,664.19158,-0.0005467058988078977,0.004492741524721106,17.741459228779405,-0.7001565092711861,-0.0005467058988078977,0
2025-11-11 17:00:00,103399.42,103637.27,102840.22,103338.99,917.43867,-0.0005845293344459712,0.004395667331388735,18.242448818187782,0.38128620962042303,-0.0005845293344459712,1
2025-11-11 18:00:00,103338.99,103572.37,103059.52,103401.07,487.03154,0.0006007413078064072,0.004115938425143727,22.42563089868048,-0.4691399480686812,0.0006007413078064072,0
2025-11-11 19:00:00,103401.07,103453.07,102861.72,103126.39,479.2973,-0.002656452201123316,0.004127726350300822,23.71025505116083,-0.015880367829976705,-0.002656452201123316,0
2025-11-11 20:00:00,103126.39,103224.29,102658.36,102809.27,742.04221,-0.003075061582200167,0.0039262167147285755,21.76949539692997,0.5481877531961894,-0.003075061582200167,0
2025-11-11 21:00:00,102809.27,103090.69,102476.09,102633.92,796.94775,-0.0017055854982727103,0.0037344515960607487,23.396141434458016,0.07399247544152532,-0.0017055854982727103,1
2025-11-11 22:00:00,102633.92,103150.02,102503.0,103000.01,652.65633,0.0035669494062002816,0.0037644280521381326,23.249321250058628,-0.1810550566207132,0.0035669494062002816,1
2025-11-11 23:00:00,103000.02,103209.13,102800.01,103058.99,549.94195,0.0005726213036290062,0.00381982613079068,25.5163903367272,-0.1573789684993938,0.0005726213036290062,0
2025-11-12 00:00:00,103059.0,103340.59,102812.64,102885.99,598.51997,-0.0016786502565181438,0.00368170292380192,20.440554332293303,0.08833299587347332,-0.0016786502565181438,1
2025-11-12 01:00:00,102886.0,103394.01,102687.72,103254.64,999.5861,0.0035830923141235704,0.0023276273134497628,24.95629774979699,0.6700964881756579,0.0035830923141235704,0
2025-11-12 02:00:00,103254.63,103413.09,102939.85,103151.66,705.65849,-0.0009973401679574945,0.0023395813226140946,29.891084056158604,-0.2940493170123114,-0.0009973401679574945,1
2025-11-12 03:00:00,103151.66,103440.96,103092.5,103310.0,368.29105,0.0015350213462390627,0.0023998746969214235,34.32395117862437,-0.47808882735896796,0.0015350213462390627,0
2025-11-12 04:00:00,103310.0,103456.82,103011.0,103246.87,320.89726,-0.0006110734682025498,0.0023953319668190403,30.349207109105848,-0.12868569572896216,-0.0006110734682025498,1
2025-11-12 05:00:00,103246.87,103467.2,103230.0,103385.3,465.38371,0.0013407670372962421,0.0022596471289541642,48.512309382119405,0.45025766190711636,0.0013407670372962421,0
2025-11-12 06:00:00,103385.31,103654.38,103354.34,103366.97,689.4704,-0.00017729793307175168,0.0019500164160404158,49.305698151655605,0.48150952683754245,-0.00017729793307175168,0
2025-11-12 07:00:00,103366.98,103534.98,103051.59,103112.66,689.87309,-0.0024602636606257944,0.002058298984265502,45.52967248253488,0.0005840569805461993,-0.0024602636606257944,1
2025-11-12 08:00:00,103112.65,104228.9,103112.24,104147.24,1064.00216,0.010033491522767335,0.0035878012660386697,60.647494127846606,0.5423157902854276,0.010033491522767335,1
2025-11-12 09:00:00,104147.25,105079.31,104145.98,104521.56,1348.44138,0.003594142293161129,0.0036635698271708108,69.35794938937035,0.2673295512858733,0.003594142293161129,1
2025-11-12 10:00:00,104521.56,105038.59,104510.5,104899.99,611.04736,0.0036205927274717276,0.003547594867382134,78.52340569477653,-0.5468491481624511,0.0036205927274717276,1
2025-11-12 11:00:00,104900.0,105200.0,104746.85,105020.83,520.21601,0.0011519543519498132,0.0035060076784139533,83.05594101468733,-0.14864862520639976,0.0011519543519498132,0
2025-11-12 12:00:00,105020.82,105333.33,104821.0,104993.74,538.28345,-0.00025794882786578377,0.0034500824914025377,80.47202888016905,0.034730649677621406,-0.00025794882786578377,1
2025-11-12 13:00:00,104993.74,105187.13,104622.43,105039.99,652.43577,0.00044050245281290756,0.003475874999361094,80.39574306126244,0.21206730394553275,0.00044050245281290756,0
2025-11-12 14:00:00,105039.99,105039.99,103604.57,103990.4,1426.89556,-0.009992289603226512,0.005062862470298456,63.353541606500286,1.1870284028112068,-0.009992289603226512,0
2025-11-12 15:00:00,103990.39,104299.98,101961.97,102173.51,2574.38835,-0.017471708926977914,0.007646404698715831,40.31854514444057,0.8041883527901652,-0.017471708926977914,0
2025-11-12 16:00:00,102173.51,102285.18,101300.0,101442.61,2365.20417,-0.007153517580045898,0.007862785674063868,36.24270095605884,-0.08125587578890348,-0.007153517580045898,1
2025-11-12 17:00:00,101442.62,102167.17,101397.74,101748.02,903.07839,0.003010667805175782,0.008004621763941653,37.717386175901915,-0.6181816346112733,0.003010667805175782,0
2025-11-12 18:00:00,101748.01,101947.88,101416.69,101542.17,626.0637,-0.002023135192213088,0.006945392155224659,36.889383838646275,-0.3067448995208488,-0.002023135192213088,0
2025-11-12 19:00:00,101542.18,101569.66,100813.59,101297.31,974.91965,-0.00241141192865979,0.006610697398281677,34.20020733536447,0.5572211741393087,-0.00241141192865979,1
2025-11-12 20:00:00,101297.31,101846.15,101141.03,101539.01,677.7383,0.0023860455919313406,0.006481327820145962,36.6201533591597,-0.3048265054458591,0.0023860455919313406,1
2025-11-12 21:00:00,101539.01,101920.48,101520.41,101920.47,419.00665,0.003756782737984299,0.0067248663489003,41.43316417957882,-0.38175745711877285,0.003756782737984299,1
2025-11-12 22:00:00,101920.48,101994.12,101448.82,101978.96,401.25193,0.0005738788292479757,0.00676717381232352,31.87687225840412,-0.04237336090011923,0.0005738788292479757,0
2025-11-12 23:00:00,101978.95,101999.35,101465.77,101654.37,516.98616,-0.0031829114554611238,0.006665365461528027,25.834281524124336,0.28843283071560566,-0.0031829114554611238,1
2025-11-13 00:00:00,101654.37,102042.77,101467.15,101854.58,477.36249,0.001969516903208346,0.006388691902471448,23.53718112028598,-0.07664357978171032,0.001969516903208346,1
2025-11-13 01:00:00,101854.58,102604.0,101838.0,102007.0,1311.97773,0.0014964471897089826,0.0034364268812228033,23.954536262561646,1.7483888187360512,0.0014964471897089826,1
2025-11-13 02:00:00,102006.99,102338.42,101972.39,102064.41,358.95316,0.0005628045134158377,0.0024015215333869945,24.816756447207723,-0.7264030083803328,0.0005628045134158377,1
2025-11-13 03:00:00,102064.41,102566.93,100922.55,102130.21,1438.17883,0.0006446909358512887,0.002250981749613974,25.068630710169387,3.0065919185667562,0.0006446909358512887,0
2025-11-13 04:00:00,102130.21,102406.39,101665.59,102120.0,873.51911,-9.997042011378188e-05,0.002100217540754369,30.50123014043912,-0.3926213543276813,-9.997042011378188e-05,1
2025-11-13 05:00:00,102120.0,103400.0,101772.52,103135.84,893.66042,0.0099475127301214,0.0033908873112808435,62.04372802000701,0.023057663844354925,0.0099475127301214,1
2025-11-13 06:00:00,103136.0,103679.0,102914.39,103590.74,1230.29564,0.004410687885026299,0.003488444191360104,78.8793138214093,0.37669254726532486,0.004410687885026299,0
2025-11-13 07:00:00,103590.74,104085.01,103315.16,103475.66,1328.34761,-0.0011109101064439297,0.00355625515242165,74.47900431276065,0.07969789277640604,-0.0011109101064439297,1
2025-11-13 08:00:00,103475.66,103811.49,103275.02,103684.06,901.73611,0.0020140002006268087,0.0035427652246312726,80.3266154492093,-0.32115953443842904,0.0020140002006268087,0
2025-11-13 09:00:00,103684.07,103740.0,102553.63,102827.0,1334.94774,-0.008266072914197231,0.00453997894131896,68.45859970968054,0.480419520961626,-0.008266072914197231,1
2025-11-13 10:00:00,102827.0,103289.89,102774.75,102991.22,491.21571,0.0015970513581062828,0.004534095171088127,67.85757324580854,-0.632033752871854,0.0015970513581062828,0
2025-11-13 11:00:00,102991.23,103148.57,102711.53,102936.5,410.73987,-0.0005313074260117068,0.004560635576073827,63.585649912179726,-0.1638299393966859,-0.0005313074260117068,1
2025-11-13 12:00:00,102936.49,103274.93,102735.31,103143.45,597.28173,0.002010462761022458,0.004571112735653872,64.97616910267978,0.4541605858715396,0.002010462761022458,0
2025-11-13 13:00:00,103143.46,103162.41,102150.0,102326.48,1187.69713,-0.007920716245190529,0.00538751091904326,57.67215577388024,0.9885040347709948,-0.007920716245190529,1
2025-11-13 14:00:00,102326.48,103483.83,101699.91,102873.14,2405.05801,0.00534231217569503,0.005623006189705854,60.7746729175797,1.0249758539030909,0.00534231217569503,0
2025-11-13 15:00:00,102873.14,102999.98,101184.14,101382.64,2074.3959,-0.014488718823980729,0.0064329105756740545,44.85252410653288,-0.1374861265820363,-0.014488718823980729,0
2025-11-13 16:00:00,101382.63,101540.93,100550.0,100633.13,2664.17181,-0.007392883041909326,0.006269069493135515,39.40862713516839,0.28431212672566497,-0.007392883041909326,0
2025-11-13 17:00:00,100633.13,100820.49,99608.98,99659.99,3368.62722,-0.009670175219631982,0.006578186938742985,33.884600530198426,0.2644181607792029,-0.009670175219631982,0
2025-11-13 18:00:00,99659.99,99922.0,98147.4,98591.78,4579.03994,-0.01071854412186879,0.006574968809132371,29.77439074719831,0.35931928377637457,-0.01071854412186879,1
2025-11-13 19:00:00,98591.78,99295.02,98314.39,98682.14,2309.2418,0.0009165064268035206,0.006708606803122738,21.43848407266941,-0.49569302075141974,0.0009165064268035206,0
2025-11-13 20:00:00,98682.13,99031.76,98000.4,98162.11,2424.57218,-0.005269747899670607,0.006406966842084224,15.474680766869596,0.04994296396332354,-0.005269747899670607,1
2025-11-13 21:00:00,98162.11,98905.45,98021.0,98817.36,1018.69866,0.0066751825118673835,0.007282461682066936,22.27855814935144,-0.5798439541610183,0.0066751825118673835,1
2025-11-13 22:00:00,98817.35,99937.99,98701.88,99851.82,1303.27918,0.010468403527477355,0.008460608058538807,29.235894079305183,0.2793569199354793,0.010468403527477355,0
2025-11-13 23:00:00,99851.83,100501.31,99569.99,99692.02,1215.50973,-0.0016003714303856054,0.008303879746247715,31.62547856111138,-0.06734508718231802,-0.0016003714303856054,0
2025-11-14 00:00:00,99692.03,99778.0,98726.64,98973.95,1748.7685,-0.0072028834404198605,0.007913526168061425,27.88974344575506,0.4387120537488416,-0.0072028834404198605,1
2025-11-14 01:00:00,98973.95,99555.33,98700.0,99255.6,2292.50283,0.0028456982872766545,0.007183819723012259,30.234783430443187,0.3109241331828656,0.0028456982872766545,1
2025-11-14 02:00:00,99255.6,99866.02,99246.0,99620.0,967.49149,0.0036713293758738885,0.007129002414802699,31.394834306813607,-0.5779758797506043,0.0036713293758738885,0
2025-11-14 03:00:00,99620.01,99649.87,98805.23,99139.38,831.05287,-0.004824533226259753,0.006619829930708005,32.55108588292404,-0.14102306987733815,-0.004824533226259753,0
2025-11-14 04:00:00,99139.38,99178.58,96712.12,97823.98,3850.84747,-0.013268188685464977,0.007089408356253722,24.502797584145412,3.6336973362476925,-0.013268188685464977,0
2025-11-14 05:00:00,97823.97,98037.39,97020.49,97523.98,2096.22294,-0.003066732717274423,0.0070967144068819245,27.851542320496208,-0.45564633335113636,-0.003066732717274423,1
2025-11-14 06:00:00,97523.98,97616.5,95933.75,97569.13,2909.036,0.00046296305790649583,0.006957773428670421,30.865642337335302,0.3877512474889717,0.00046296305790649583,0
2025-11-14 07:00:00,97569.13,97742.85,96783.47,97151.98,2260.62551,-0.004275430148859671,0.006537385930240566,33.168960680692834,-0.22289531308653454,-0.004275430148859671,1
2025-11-14 08:00:00,97151.97,97476.84,96787.99,97377.41,1591.93158,0.0023203850297235373,0.005232736650885565,40.81104517854425,-0.29580039995213536,0.0023203850297235373,0
2025-11-14 09:00:00,97377.41,97553.7,96681.63,96839.93,1043.46142,-0.005519555305486201,0.005304662112165539,36.94373689731282,-0.34453123921318274,-0.005519555305486201,0
2025-11-14 10:00:00,96839.94,97286.92,96668.73,96752.2,688.27736,-0.0009059279576100199,0.005105238649229796,39.355297549667036,-0.3403902177811231,-0.0009059279576100199,0
2025-11-14 11:00:00,96752.19,96945.61,96018.0,96061.26,946.9363,-0.00714133632103453,0.004971432499999071,29.303213442449206,0.37580625926733946,-0.00714133632103453,0
